ID,LEN,Marital Status,Gender,Income,Children,Education,Occupation,Home Owner,Cars,Commute Distance,Region,Age,Purchased Bike
12496,5,Married,Female,"$40,000",1,Bachelors,Skilled Manual,Yes,0,0-1 Miles,Europe,42,No
24107,5,Married,Male,"$30,000",3,Partial College,Clerical,Yes,1,0-1 Miles,Europe,43,No
14177,5,Married,Male,"$80,000",5,Partial College,Professional,No,2,2-5 Miles,Europe,60,No
24381,5,Single,Male,"$70,000",0,Bachelors,Professional,Yes,1,5-10 Miles,Pacific,41,Yes
25597,5,Single,Male,"$30,000",0,Bachelors,Clerical,No,0,0-1 Miles,Europe,36,Yes
13507,5,Married,Female,"$10,000",2,Partial College,Manual,Yes,0,1-2 Miles,Europe,50,No
27974,5,Single,Male,"$160,000",2,High School,Management,Yes,4,0-1 Miles,Pacific,33,Yes
19364,5,Married,Male,"$40,000",1,Bachelors,Skilled Manual,Yes,0,0-1 Miles,Europe,43,Yes
22155,5,Married,Male,"$20,000",2,Partial High School,Clerical,Yes,2,5-10 Miles,Pacific,58,No
19280,5,Married,Male,"$120,000",2,Partial College,Manual,Yes,1,0-1 Miles,Europe,40,Yes
22173,5,Married,Female,"$30,000",3,High School,Skilled Manual,No,2,1-2 Miles,Pacific,54,Yes
12697,5,Single,Female,"$90,000",0,Bachelors,Professional,No,4,10+ Miles,Pacific,36,No
11434,5,Married,Male,"$170,000",5,Partial College,Professional,Yes,0,0-1 Miles,Europe,55,No
25323,5,Married,Male,"$40,000",2,Partial College,Clerical,Yes,1,1-2 Miles,Europe,35,Yes
23542,5,Single,Male,"$60,000",1,Partial College,Skilled Manual,No,1,0-1 Miles,Pacific,45,Yes
20870,5,Single,Female,"$10,000",2,High School,Manual,Yes,1,0-1 Miles,Europe,38,Yes
23316,5,Single,Male,"$30,000",3,Partial College,Clerical,No,2,1-2 Miles,Pacific,59,Yes
12610,5,Married,Female,"$30,000",1,Bachelors,Clerical,Yes,0,0-1 Miles,Europe,47,No
27183,5,Single,Male,"$40,000",2,Partial College,Clerical,Yes,1,1-2 Miles,Europe,35,Yes
25940,5,Single,Male,"$20,000",2,Partial High School,Clerical,Yes,2,5-10 Miles,Pacific,55,Yes
25598,5,Married,Female,"$40,000",0,Graduate Degree,Clerical,Yes,0,0-1 Miles,Europe,36,Yes
21564,5,Single,Female,"$80,000",0,Bachelors,Professional,Yes,4,10+ Miles,Pacific,35,No
19193,5,Single,Male,"$40,000",2,Partial College,Clerical,Yes,0,1-2 Miles,Europe,35,Yes
26412,5,Married,Female,"$80,000",5,High School,Management,No,3,5-10 Miles,Europe,56,No
27184,5,Single,Male,"$40,000",2,Partial College,Clerical,No,1,0-1 Miles,Europe,34,No
12590,5,Single,Male,"$30,000",1,Bachelors,Clerical,Yes,0,0-1 Miles,Europe,63,No
17841,5,Single,Male,"$30,000",0,Partial College,Clerical,No,1,0-1 Miles,Europe,29,Yes
18283,5,Single,Female,"$100,000",0,Bachelors,Professional,No,1,5-10 Miles,Pacific,40,No
18299,5,Married,Male,"$70,000",5,Partial College,Skilled Manual,Yes,2,5-10 Miles,Pacific,44,No
16466,5,Single,Female,"$20,000",0,Partial High School,Manual,No,2,0-1 Miles,Europe,32,Yes
19273,5,Married,Female,"$20,000",2,Partial College,Manual,Yes,0,0-1 Miles,Europe,63,No
22400,5,Married,Male,"$10,000",0,Partial College,Manual,No,1,0-1 Miles,Pacific,26,Yes
20942,5,Single,Female,"$20,000",0,High School,Manual,No,1,5-10 Miles,Europe,31,No
18484,5,Single,Male,"$80,000",2,High School,Skilled Manual,No,2,1-2 Miles,Pacific,50,Yes
12291,5,Single,Male,"$90,000",5,Partial College,Professional,No,2,2-5 Miles,Europe,62,Yes
28380,5,Single,Female,"$10,000",5,Partial High School,Manual,No,2,0-1 Miles,Europe,41,No
17891,5,Married,Female,"$10,000",2,Partial College,Manual,Yes,1,0-1 Miles,Europe,50,Yes
27832,5,Single,Female,"$30,000",0,Partial College,Clerical,No,1,2-5 Miles,Europe,30,No
26863,5,Single,Male,"$20,000",0,High School,Manual,No,1,2-5 Miles,Europe,28,No
16259,5,Single,Female,"$10,000",4,Partial High School,Manual,Yes,2,0-1 Miles,Europe,40,Yes
27803,5,Single,Female,"$30,000",2,Partial College,Clerical,No,0,0-1 Miles,Europe,43,No
14347,5,Single,Female,"$40,000",2,Bachelors,Management,Yes,2,5-10 Miles,Pacific,65,Yes
17703,5,Married,Female,"$10,000",1,Graduate Degree,Manual,Yes,0,0-1 Miles,Europe,40,No
17185,5,Married,Female,"$170,000",4,Partial College,Professional,No,3,5-10 Miles,Europe,48,Yes
29380,5,Married,Female,"$20,000",3,High School,Manual,Yes,0,0-1 Miles,Europe,41,Yes
23986,5,Married,Female,"$20,000",1,Bachelors,Clerical,Yes,0,0-1 Miles,Europe,66,Yes
24466,5,Married,Female,"$60,000",1,Partial College,Skilled Manual,Yes,1,5-10 Miles,Pacific,46,Yes
29097,5,Single,Female,"$40,000",2,Partial College,Skilled Manual,Yes,2,5-10 Miles,Pacific,52,Yes
19487,5,Married,Male,"$30,000",2,Partial College,Clerical,No,2,0-1 Miles,Europe,42,No
14939,5,Single,Male,"$40,000",0,Bachelors,Clerical,Yes,0,0-1 Miles,Europe,39,Yes
13826,5,Single,Female,"$30,000",0,Partial College,Clerical,No,1,0-1 Miles,Europe,28,No
20619,5,Single,Male,"$80,000",0,Bachelors,Professional,No,4,10+ Miles,Pacific,35,No
12558,5,Married,Female,"$20,000",1,Bachelors,Clerical,Yes,0,0-1 Miles,Europe,65,No
24871,5,Single,Female,"$90,000",4,High School,Management,No,3,5-10 Miles,Europe,56,No
17319,5,Single,Female,"$70,000",0,Bachelors,Professional,No,1,5-10 Miles,Pacific,42,No
28906,5,Married,Male,"$80,000",4,High School,Professional,Yes,2,10+ Miles,Europe,54,No
12808,5,Married,Male,"$40,000",0,Bachelors,Clerical,Yes,0,0-1 Miles,Europe,38,Yes
20567,5,Married,Male,"$130,000",4,Partial College,Professional,No,4,5-10 Miles,Europe,61,Yes
25502,5,Married,Female,"$40,000",1,Bachelors,Skilled Manual,Yes,0,0-1 Miles,Europe,43,Yes
15580,5,Married,Male,"$60,000",2,Bachelors,Professional,Yes,1,2-5 Miles,Pacific,38,Yes
24185,5,Single,Female,"$10,000",1,High School,Manual,No,1,1-2 Miles,Europe,45,No
19291,5,Single,Female,"$10,000",2,High School,Manual,Yes,0,0-1 Miles,Europe,35,No
16713,5,Married,Male,"$40,000",2,Bachelors,Management,Yes,1,0-1 Miles,Pacific,52,Yes
16185,5,Single,Male,"$60,000",4,Bachelors,Professional,Yes,3,10+ Miles,Pacific,41,No
14927,5,Married,Female,"$30,000",1,Bachelors,Clerical,Yes,0,0-1 Miles,Europe,37,Yes
29337,5,Single,Male,"$30,000",2,Partial College,Clerical,Yes,2,5-10 Miles,Pacific,68,No
29355,5,Married,Female,"$40,000",0,Graduate Degree,Clerical,Yes,0,0-1 Miles,Europe,37,Yes
25303,5,Single,Male,"$30,000",0,High School,Manual,Yes,1,2-5 Miles,Europe,33,Yes
14813,5,Single,Female,"$20,000",4,High School,Manual,Yes,1,0-1 Miles,Europe,43,Yes
16438,5,Married,Female,"$10,000",0,Partial High School,Manual,No,2,0-1 Miles,Europe,30,No
14238,5,Married,Male,"$120,000",0,Partial High School,Professional,Yes,4,10+ Miles,Pacific,36,Yes
16200,5,Single,Female,"$10,000",0,Partial High School,Manual,No,2,0-1 Miles,Europe,35,No
24857,5,Married,Female,"$130,000",3,High School,Professional,Yes,4,0-1 Miles,Europe,52,No
26956,5,Single,Female,"$20,000",0,Partial College,Manual,No,1,2-5 Miles,Europe,36,Yes
14517,5,Married,Female,"$20,000",3,High School,Skilled Manual,No,2,1-2 Miles,Pacific,62,No
12678,5,Single,Female,"$130,000",4,High School,Management,Yes,4,0-1 Miles,Pacific,31,No
16188,5,Single,Female,"$20,000",0,Partial High School,Manual,No,2,1-2 Miles,Europe,26,No
27969,5,Married,Male,"$80,000",0,Bachelors,Professional,Yes,2,10+ Miles,Pacific,29,Yes
15752,5,Married,Male,"$80,000",2,High School,Skilled Manual,No,2,1-2 Miles,Pacific,50,Yes
27745,5,Single,Male,"$40,000",2,Bachelors,Management,Yes,2,5-10 Miles,Pacific,63,Yes
20828,5,Married,Female,"$30,000",4,Graduate Degree,Clerical,Yes,0,0-1 Miles,Europe,45,Yes
19461,5,Single,Female,"$10,000",4,Partial High School,Manual,Yes,2,0-1 Miles,Europe,40,No
26941,5,Married,Male,"$30,000",0,Bachelors,Clerical,Yes,0,0-1 Miles,Europe,47,Yes
28412,5,Single,Male,"$20,000",0,High School,Manual,No,1,2-5 Miles,Europe,29,No
24485,5,Single,Male,"$40,000",2,Bachelors,Management,No,1,5-10 Miles,Pacific,52,Yes
16514,5,Single,Male,"$10,000",0,Partial College,Manual,Yes,1,1-2 Miles,Pacific,26,Yes
17191,5,Single,Male,"$130,000",3,Partial College,Professional,No,3,0-1 Miles,Europe,51,Yes
19608,5,Married,Male,"$80,000",5,Bachelors,Professional,Yes,4,1-2 Miles,Pacific,40,No
24119,5,Single,Male,"$30,000",0,Partial College,Clerical,No,1,2-5 Miles,Europe,29,No
25458,5,Married,Male,"$20,000",1,High School,Manual,No,1,1-2 Miles,Europe,40,Yes
26886,5,Single,Female,"$30,000",0,Partial College,Clerical,No,1,0-1 Miles,Europe,29,Yes
28436,5,Single,Male,"$30,000",0,Partial College,Clerical,No,1,0-1 Miles,Europe,30,Yes
19562,5,Single,Female,"$60,000",2,Bachelors,Professional,Yes,1,2-5 Miles,Pacific,37,Yes
15608,5,Single,Female,"$30,000",0,Partial College,Clerical,No,1,2-5 Miles,Europe,33,No
16487,5,Single,Female,"$30,000",3,High School,Skilled Manual,Yes,2,5-10 Miles,Pacific,55,No
17197,5,Single,Female,"$90,000",5,Partial College,Professional,Yes,2,10+ Miles,Europe,62,No
12507,5,Married,Male,"$30,000",1,Partial College,Clerical,Yes,1,0-1 Miles,Europe,43,No
23940,5,Married,Male,"$40,000",1,Bachelors,Skilled Manual,Yes,1,0-1 Miles,Europe,44,Yes
19441,5,Married,Male,"$40,000",0,Graduate Degree,Clerical,Yes,0,0-1 Miles,Europe,25,Yes
26852,5,Married,Female,"$20,000",3,High School,Manual,Yes,2,0-1 Miles,Europe,43,No
12274,5,Single,Male,"$10,000",2,High School,Manual,Yes,0,0-1 Miles,Europe,35,No
20236,5,Single,Male,"$60,000",3,Bachelors,Professional,No,2,0-1 Miles,Pacific,43,Yes
24149,5,Married,Male,"$10,000",2,Partial College,Manual,Yes,0,1-2 Miles,Europe,49,No
26139,5,Single,Male,"$60,000",1,Partial College,Skilled Manual,Yes,1,5-10 Miles,Pacific,45,No
18491,5,Single,Female,"$70,000",2,High School,Professional,Yes,2,5-10 Miles,Pacific,49,Yes
22707,5,Single,Female,"$30,000",0,Partial College,Clerical,No,1,2-5 Miles,Europe,30,No
20430,5,Married,Male,"$70,000",2,Partial College,Skilled Manual,Yes,2,5-10 Miles,Pacific,52,Yes
27494,5,Single,Female,"$40,000",2,Partial College,Skilled Manual,No,2,1-2 Miles,Pacific,53,Yes
26829,5,Married,Female,"$40,000",0,Bachelors,Clerical,Yes,0,0-1 Miles,Europe,38,Yes
28395,5,Single,Male,"$40,000",0,Bachelors,Professional,No,0,0-1 Miles,Europe,39,Yes
21006,5,Single,Female,"$30,000",1,Partial College,Manual,No,0,0-1 Miles,Europe,46,Yes
14682,5,Single,Female,"$70,000",0,Bachelors,Professional,No,1,5-10 Miles,Pacific,38,No
17650,5,Single,Female,"$40,000",2,Partial College,Clerical,Yes,2,1-2 Miles,Europe,35,No
29191,5,Single,Female,"$130,000",1,Graduate Degree,Management,No,1,0-1 Miles,Pacific,36,Yes
15030,5,Married,Male,"$20,000",0,Bachelors,Clerical,Yes,0,0-1 Miles,Pacific,26,Yes
24140,5,Single,Male,"$10,000",0,Graduate Degree,Manual,No,0,0-1 Miles,Europe,30,Yes
22496,5,Married,Female,"$30,000",1,Bachelors,Skilled Manual,Yes,2,0-1 Miles,Europe,42,No
24065,5,Single,Female,"$20,000",0,High School,Manual,Yes,0,0-1 Miles,Europe,40,Yes
19914,5,Married,Male,"$80,000",5,Bachelors,Management,Yes,2,2-5 Miles,Europe,62,No
12871,5,Single,Female,"$30,000",0,Partial College,Clerical,No,1,2-5 Miles,Europe,29,No
22988,5,Married,Female,"$40,000",2,Bachelors,Management,Yes,2,5-10 Miles,Pacific,66,Yes
15922,5,Married,Male,"$150,000",2,High School,Professional,Yes,4,0-1 Miles,Europe,48,No
12344,5,Single,Female,"$80,000",0,Bachelors,Professional,No,3,10+ Miles,Pacific,31,No
23627,5,Single,Female,"$100,000",3,Partial College,Management,No,4,5-10 Miles,Europe,56,No
27775,5,Single,Female,"$40,000",0,Bachelors,Clerical,No,0,0-1 Miles,Europe,38,Yes
29301,5,Married,Male,"$80,000",5,Bachelors,Professional,Yes,4,1-2 Miles,Pacific,40,No
12716,5,Single,Male,"$30,000",0,Partial College,Clerical,Yes,1,2-5 Miles,Europe,32,No
12472,5,Married,Male,"$30,000",1,Bachelors,Clerical,Yes,1,2-5 Miles,Europe,39,No
20970,5,Single,Male,"$10,000",2,Partial College,Manual,Yes,1,0-1 Miles,Europe,52,Yes
26818,5,Single,Male,"$10,000",3,High School,Manual,Yes,1,0-1 Miles,Europe,39,Yes
12993,5,Married,Male,"$60,000",2,Bachelors,Professional,Yes,1,2-5 Miles,Pacific,37,No
14192,5,Married,Male,"$90,000",4,High School,Management,Yes,3,5-10 Miles,Europe,56,Yes
19477,5,Married,Male,"$40,000",0,Bachelors,Professional,Yes,0,0-1 Miles,Europe,40,Yes
26796,5,Single,Male,"$40,000",2,Bachelors,Management,Yes,2,5-10 Miles,Pacific,65,Yes
21094,5,Single,Female,"$30,000",2,Partial College,Clerical,Yes,2,0-1 Miles,Europe,42,No
12234,5,Married,Male,"$10,000",2,Partial College,Manual,Yes,1,2-5 Miles,Europe,52,No
28683,5,Single,Female,"$10,000",1,High School,Manual,No,1,5-10 Miles,Europe,35,Yes
17994,5,Single,Male,"$20,000",2,High School,Manual,Yes,2,0-1 Miles,Europe,42,No
24273,5,Married,Female,"$20,000",2,Partial High School,Clerical,Yes,2,5-10 Miles,Pacific,55,Yes
26547,5,Single,Female,"$30,000",2,Partial College,Clerical,No,2,5-10 Miles,Pacific,60,Yes
22500,5,Single,Male,"$40,000",0,Bachelors,Professional,No,0,0-1 Miles,Europe,40,Yes
23993,5,Single,Female,"$10,000",0,Partial College,Manual,No,1,0-1 Miles,Pacific,26,Yes
14832,5,Married,Male,"$40,000",1,Bachelors,Skilled Manual,Yes,0,0-1 Miles,Europe,42,Yes
16614,5,Married,Female,"$80,000",0,Bachelors,Professional,Yes,3,10+ Miles,Pacific,32,No
20877,5,Single,Male,"$30,000",1,Bachelors,Clerical,Yes,0,1-2 Miles,Europe,37,Yes
20729,5,Married,Female,"$40,000",2,Partial College,Clerical,No,1,0-1 Miles,Europe,34,No
22464,5,Married,Male,"$40,000",0,Graduate Degree,Clerical,Yes,0,0-1 Miles,Europe,37,Yes
19475,5,Married,Female,"$40,000",0,Bachelors,Professional,No,0,0-1 Miles,Europe,40,Yes
19675,5,Married,Male,"$20,000",4,High School,Skilled Manual,Yes,2,5-10 Miles,Pacific,60,No
12728,5,Single,Male,"$30,000",0,Partial College,Clerical,No,1,1-2 Miles,Europe,27,No
26154,5,Married,Male,"$60,000",1,Partial College,Skilled Manual,Yes,1,5-10 Miles,Pacific,43,Yes
29117,5,Single,Male,"$100,000",1,Bachelors,Management,No,3,0-1 Miles,Pacific,48,No
17845,5,Single,Female,"$20,000",0,Partial High School,Manual,No,2,1-2 Miles,Europe,32,No
25058,5,Married,Male,"$100,000",1,Bachelors,Management,Yes,3,2-5 Miles,Pacific,47,No
23426,5,Single,Male,"$80,000",5,Graduate Degree,Management,Yes,3,0-1 Miles,Pacific,40,No
14798,5,Single,Female,"$10,000",4,Partial High School,Manual,Yes,2,0-1 Miles,Europe,41,Yes
12664,5,Married,Female,"$130,000",5,Partial College,Professional,Yes,4,0-1 Miles,Europe,59,No
23979,5,Single,Male,"$10,000",2,Partial College,Manual,No,0,0-1 Miles,Europe,50,No
25605,5,Single,Female,"$20,000",2,Partial College,Manual,No,1,0-1 Miles,Europe,54,Yes
20797,5,Married,Female,"$10,000",1,Bachelors,Manual,Yes,0,0-1 Miles,Europe,48,No
21980,5,Single,Female,"$60,000",1,Bachelors,Professional,Yes,1,5-10 Miles,Pacific,44,Yes
25460,5,Married,Female,"$20,000",2,High School,Manual,Yes,0,0-1 Miles,Europe,40,Yes
29181,5,Single,Female,"$60,000",2,Bachelors,Professional,No,1,0-1 Miles,Pacific,38,Yes
24279,5,Single,Male,"$40,000",2,Partial College,Skilled Manual,No,2,1-2 Miles,Pacific,52,No
22402,5,Married,Male,"$10,000",0,Partial College,Manual,Yes,1,2-5 Miles,Pacific,25,Yes
15465,5,Married,Female,"$10,000",0,Partial College,Manual,No,1,0-1 Miles,Pacific,25,No
26757,5,Single,Male,"$90,000",1,Bachelors,Professional,Yes,1,2-5 Miles,Pacific,47,Yes
14233,5,Single,Male,"$100,000",0,High School,Management,Yes,3,10+ Miles,Pacific,35,No
14058,5,Single,Male,"$70,000",0,Bachelors,Professional,No,1,5-10 Miles,Pacific,41,Yes
12273,5,Married,Male,"$30,000",1,Bachelors,Clerical,Yes,0,0-1 Miles,Europe,47,No
17203,5,Married,Female,"$130,000",4,Partial College,Professional,Yes,4,5-10 Miles,Europe,61,Yes
18144,5,Married,Female,"$80,000",5,Bachelors,Management,Yes,2,2-5 Miles,Europe,61,No
23963,5,Married,Male,"$10,000",0,Partial High School,Manual,No,2,0-1 Miles,Europe,33,No
17907,5,Married,Female,"$10,000",0,Partial College,Manual,Yes,1,2-5 Miles,Pacific,27,No
19442,5,Single,Male,"$50,000",0,Graduate Degree,Skilled Manual,Yes,0,0-1 Miles,Europe,37,Yes
17504,5,Single,Female,"$80,000",2,Partial College,Skilled Manual,Yes,2,5-10 Miles,Pacific,52,Yes
12253,5,Single,Female,"$20,000",0,Partial College,Manual,Yes,0,0-1 Miles,Pacific,29,Yes
27304,5,Single,Female,"$110,000",2,Partial College,Professional,No,3,5-10 Miles,Europe,48,No
14191,5,Married,Male,"$160,000",4,Partial College,Professional,No,2,10+ Miles,Europe,55,Yes
12212,5,Married,Female,"$10,000",0,Graduate Degree,Manual,Yes,0,0-1 Miles,Europe,37,Yes
25529,5,Single,Male,"$10,000",1,Graduate Degree,Manual,Yes,0,0-1 Miles,Europe,44,No
22170,5,Married,Female,"$30,000",3,Partial College,Clerical,No,2,1-2 Miles,Pacific,55,Yes
19445,5,Married,Female,"$10,000",2,High School,Manual,No,1,0-1 Miles,Europe,38,No
15265,5,Single,Male,"$40,000",2,Bachelors,Management,Yes,2,5-10 Miles,Pacific,66,Yes
28918,5,Married,Female,"$130,000",4,High School,Management,No,4,10+ Miles,Europe,58,No
15799,5,Married,Female,"$90,000",1,Bachelors,Professional,Yes,1,2-5 Miles,Pacific,47,Yes
11047,5,Married,Female,"$30,000",3,High School,Skilled Manual,No,2,1-2 Miles,Pacific,56,Yes
18151,5,Single,Male,"$80,000",5,Partial College,Professional,No,2,10+ Miles,Europe,59,No
20606,5,Married,Female,"$70,000",0,Bachelors,Professional,Yes,4,10+ Miles,Pacific,32,Yes
19482,5,Married,Male,"$30,000",1,Partial College,Clerical,Yes,1,0-1 Miles,Europe,44,Yes
16489,5,Married,Male,"$30,000",3,High School,Skilled Manual,Yes,2,5-10 Miles,Pacific,55,No
26944,5,Single,Male,"$90,000",2,High School,Manual,Yes,0,0-1 Miles,Europe,36,Yes
15682,5,Single,Female,"$80,000",5,Bachelors,Management,Yes,2,10+ Miles,Europe,62,No
26032,5,Married,Female,"$70,000",5,Bachelors,Professional,Yes,4,10+ Miles,Pacific,41,No
17843,5,Single,Female,"$10,000",0,Partial High School,Manual,No,2,0-1 Miles,Europe,32,No
25559,5,Single,Male,"$20,000",0,Bachelors,Clerical,Yes,0,0-1 Miles,Pacific,25,Yes
16209,5,Single,Female,"$50,000",0,Graduate Degree,Skilled Manual,Yes,0,1-2 Miles,Europe,36,No
11147,5,Married,Male,"$60,000",2,Graduate Degree,Management,Yes,1,0-1 Miles,Pacific,67,Yes
15214,5,Single,Female,"$100,000",0,Graduate Degree,Management,No,1,1-2 Miles,Pacific,39,Yes
11453,5,Single,Male,"$80,000",0,Bachelors,Professional,No,3,10+ Miles,Pacific,33,Yes
24584,5,Single,Male,"$60,000",0,Bachelors,Professional,No,3,2-5 Miles,Pacific,31,No
12585,5,Married,Male,"$10,000",1,High School,Manual,Yes,0,2-5 Miles,Pacific,27,Yes
18626,5,Single,Male,"$40,000",2,Partial College,Clerical,Yes,0,1-2 Miles,Europe,33,Yes
29298,5,Single,Female,"$60,000",1,Partial College,Skilled Manual,Yes,1,5-10 Miles,Pacific,46,Yes
24842,5,Single,Female,"$90,000",3,High School,Professional,No,1,2-5 Miles,Europe,51,No
15657,5,Married,Male,"$30,000",3,Graduate Degree,Clerical,Yes,0,0-1 Miles,Europe,46,Yes
11415,5,Single,Male,"$90,000",5,Partial College,Professional,No,2,10+ Miles,Europe,62,No
28729,5,Single,Female,"$20,000",0,Partial High School,Manual,Yes,2,1-2 Miles,Europe,26,Yes
22633,5,Single,Female,"$40,000",0,Graduate Degree,Clerical,Yes,0,0-1 Miles,Europe,37,Yes
25649,5,Single,Female,"$30,000",3,Partial College,Clerical,Yes,0,0-1 Miles,Europe,42,Yes
14669,5,Married,Female,"$80,000",4,Graduate Degree,Management,Yes,1,0-1 Miles,Pacific,36,No
19299,5,Married,Female,"$50,000",0,Graduate Degree,Skilled Manual,Yes,0,0-1 Miles,Europe,36,Yes
20946,5,Single,Female,"$30,000",0,Partial College,Clerical,No,1,2-5 Miles,Europe,30,No
11451,5,Single,Male,"$70,000",0,Bachelors,Professional,No,4,10+ Miles,Pacific,31,Yes
25553,5,Married,Male,"$30,000",1,Bachelors,Clerical,Yes,0,0-1 Miles,Europe,65,Yes
27951,5,Single,Male,"$80,000",4,Partial College,Professional,No,2,2-5 Miles,Europe,54,Yes
25026,5,Married,Male,"$20,000",2,Partial High School,Clerical,Yes,3,5-10 Miles,Pacific,54,No
13673,5,Single,Female,"$20,000",0,Partial High School,Manual,No,2,0-1 Miles,Europe,25,No
16043,5,Single,Male,"$10,000",1,Bachelors,Manual,Yes,0,0-1 Miles,Europe,48,No
22399,5,Single,Male,"$10,000",0,Partial College,Manual,Yes,1,1-2 Miles,Pacific,26,Yes
27696,5,Married,Male,"$60,000",1,Bachelors,Professional,Yes,1,5-10 Miles,Pacific,43,Yes
25313,5,Single,Male,"$10,000",0,Partial High School,Manual,No,2,1-2 Miles,Europe,35,No
13813,5,Married,Female,"$30,000",3,Partial College,Clerical,No,0,0-1 Miles,Europe,42,No
18711,5,Single,Female,"$70,000",5,Bachelors,Professional,Yes,4,10+ Miles,Pacific,39,No
19650,5,Married,Female,"$30,000",2,Partial College,Clerical,No,2,0-1 Miles,Pacific,67,No
14135,5,Married,Male,"$20,000",1,Partial College,Manual,Yes,0,1-2 Miles,Europe,35,No
12833,5,Single,Female,"$20,000",3,High School,Manual,Yes,1,0-1 Miles,Europe,42,Yes
26849,5,Married,Male,"$10,000",3,Partial High School,Manual,Yes,2,0-1 Miles,Europe,43,No
20962,5,Married,Female,"$20,000",1,Graduate Degree,Clerical,Yes,0,0-1 Miles,Europe,45,No
28915,5,Single,Male,"$80,000",5,High School,Management,Yes,3,10+ Miles,Europe,57,No
22830,5,Married,Male,"$120,000",4,Partial College,Management,Yes,3,10+ Miles,Europe,56,No
14777,5,Married,Female,"$40,000",0,Bachelors,Clerical,Yes,0,0-1 Miles,Europe,38,Yes
12591,5,Married,Female,"$30,000",4,Graduate Degree,Clerical,Yes,0,0-1 Miles,Europe,45,No
24174,5,Married,Male,"$20,000",0,Bachelors,Clerical,Yes,0,0-1 Miles,Pacific,27,Yes
24611,5,Single,Male,"$90,000",0,Bachelors,Professional,No,4,10+ Miles,Pacific,35,Yes
11340,5,Married,Female,"$10,000",1,Graduate Degree,Clerical,Yes,0,0-1 Miles,Europe,70,Yes
25693,5,Single,Female,"$30,000",5,Graduate Degree,Clerical,Yes,0,0-1 Miles,Europe,44,Yes
25555,5,Married,Female,"$10,000",0,Partial College,Manual,No,1,0-1 Miles,Pacific,26,Yes
22006,5,Married,Male,"$70,000",5,Partial College,Skilled Manual,Yes,3,5-10 Miles,Pacific,46,No
20060,5,Single,Female,"$30,000",0,High School,Manual,No,1,2-5 Miles,Europe,34,Yes
17702,5,Married,Male,"$10,000",1,Graduate Degree,Manual,Yes,0,0-1 Miles,Europe,37,No
12503,5,Single,Female,"$30,000",3,Partial College,Clerical,Yes,2,0-1 Miles,Europe,27,No
23908,5,Single,Male,"$30,000",1,Bachelors,Clerical,No,1,0-1 Miles,Europe,39,Yes
22527,5,Single,Female,"$20,000",0,High School,Manual,No,1,2-5 Miles,Europe,29,No
19057,5,Married,Female,"$120,000",3,Bachelors,Management,No,2,10+ Miles,Europe,52,Yes
18494,5,Married,Male,"$110,000",5,Bachelors,Management,Yes,4,2-5 Miles,Pacific,48,Yes
11249,5,Married,Female,"$130,000",3,Partial College,Professional,Yes,3,0-1 Miles,Europe,51,Yes
21568,5,Married,Female,"$100,000",0,High School,Management,Yes,4,10+ Miles,Pacific,34,Yes
13981,5,Married,Female,"$10,000",5,High School,Skilled Manual,No,3,1-2 Miles,Pacific,62,No
23432,5,Single,Male,"$70,000",0,Bachelors,Professional,Yes,1,5-10 Miles,Pacific,37,Yes
22931,5,Married,Male,"$100,000",5,Graduate Degree,Management,No,1,1-2 Miles,Pacific,78,Yes
18172,5,Married,Male,"$130,000",4,High School,Professional,Yes,3,0-1 Miles,Europe,55,No
12666,5,Single,Male,"$60,000",0,Bachelors,Professional,No,4,2-5 Miles,Pacific,31,No
20598,5,Married,Male,"$100,000",3,Partial High School,Professional,Yes,0,10+ Miles,Europe,59,Yes
21375,5,Single,Male,"$20,000",2,Partial High School,Clerical,Yes,2,5-10 Miles,Pacific,57,No
20839,5,Single,Female,"$30,000",3,Graduate Degree,Clerical,Yes,0,0-1 Miles,Europe,47,Yes
21738,5,Married,Male,"$20,000",1,Graduate Degree,Clerical,Yes,0,0-1 Miles,Europe,43,No
14164,5,Single,Female,"$50,000",0,Graduate Degree,Skilled Manual,Yes,0,0-1 Miles,Europe,36,Yes
14193,5,Single,Female,"$100,000",3,Partial College,Management,Yes,4,10+ Miles,Europe,56,No
12705,5,Married,Male,"$150,000",0,Bachelors,Management,Yes,4,0-1 Miles,Pacific,37,Yes
22672,5,Single,Female,"$30,000",2,Partial College,Clerical,Yes,0,0-1 Miles,Europe,43,No
26219,5,Married,Female,"$40,000",1,Bachelors,Skilled Manual,Yes,1,1-2 Miles,Europe,33,Yes
28468,5,Married,Female,"$10,000",2,Partial College,Manual,Yes,0,1-2 Miles,Europe,51,No
23419,5,Single,Female,"$70,000",5,Bachelors,Professional,Yes,3,10+ Miles,Pacific,39,No
17964,5,Married,Male,"$40,000",0,Graduate Degree,Clerical,Yes,0,0-1 Miles,Europe,37,Yes
20919,5,Single,Female,"$30,000",2,Partial College,Clerical,Yes,2,0-1 Miles,Europe,42,No
20927,5,Single,Female,"$20,000",5,High School,Manual,Yes,2,0-1 Miles,Europe,27,No
13133,5,Single,Male,"$100,000",5,Bachelors,Professional,Yes,1,5-10 Miles,Pacific,47,Yes
19626,5,Married,Male,"$70,000",5,Partial College,Skilled Manual,Yes,3,5-10 Miles,Pacific,45,No
21039,5,Single,Female,"$50,000",0,Graduate Degree,Skilled Manual,No,0,0-1 Miles,Europe,37,Yes
12231,5,Single,Female,"$10,000",2,Partial College,Manual,Yes,0,0-1 Miles,Europe,51,Yes
25665,5,Single,Female,"$20,000",0,High School,Manual,No,1,1-2 Miles,Europe,28,No
24061,5,Married,Male,"$10,000",4,Partial High School,Manual,Yes,1,0-1 Miles,Europe,40,Yes
26879,5,Single,Female,"$20,000",0,High School,Manual,No,1,2-5 Miles,Europe,30,No
12284,5,Married,Female,"$30,000",0,Bachelors,Clerical,No,0,0-1 Miles,Europe,36,Yes
26654,5,Married,Female,"$90,000",1,Graduate Degree,Management,Yes,0,0-1 Miles,Pacific,37,Yes
14545,5,Married,Female,"$10,000",2,Partial College,Manual,Yes,0,1-2 Miles,Europe,49,No
24201,5,Married,Female,"$10,000",2,High School,Manual,Yes,0,0-1 Miles,Europe,37,Yes
20625,5,Married,Male,"$100,000",0,High School,Management,Yes,3,10+ Miles,Pacific,35,Yes
16390,5,Single,Male,"$30,000",1,Bachelors,Clerical,No,0,0-1 Miles,Europe,38,Yes
14804,5,Single,Female,"$10,000",3,Partial High School,Manual,Yes,2,0-1 Miles,Europe,43,No
12629,5,Single,Male,"$20,000",1,Partial College,Manual,No,0,0-1 Miles,Europe,37,No
14696,5,Single,Male,"$10,000",0,Partial High School,Manual,No,2,0-1 Miles,Europe,34,No
22005,5,Married,Female,"$70,000",5,Partial College,Skilled Manual,No,3,5-10 Miles,Pacific,46,No
14544,5,Single,Male,"$10,000",1,Partial College,Manual,Yes,0,0-1 Miles,Europe,49,No
14312,5,Married,Female,"$60,000",1,Partial College,Skilled Manual,Yes,1,5-10 Miles,Pacific,45,No
29120,5,Single,Female,"$100,000",1,Bachelors,Management,Yes,4,2-5 Miles,Pacific,48,No
24187,5,Single,Female,"$30,000",3,Graduate Degree,Clerical,No,0,0-1 Miles,Europe,46,Yes
15758,5,Married,Male,"$130,000",0,Graduate Degree,Management,Yes,0,5-10 Miles,Pacific,48,No
29094,5,Married,Male,"$30,000",3,High School,Skilled Manual,Yes,2,5-10 Miles,Pacific,54,Yes
28319,5,Single,Female,"$60,000",1,Partial College,Skilled Manual,No,1,0-1 Miles,Pacific,46,Yes
16406,5,Married,Male,"$40,000",0,Bachelors,Clerical,No,0,0-1 Miles,Europe,38,Yes
20923,5,Married,Female,"$40,000",1,Bachelors,Skilled Manual,Yes,0,0-1 Miles,Europe,42,Yes
11378,5,Single,Female,"$10,000",1,High School,Manual,No,1,2-5 Miles,Europe,46,Yes
20851,5,Single,Male,"$20,000",0,Partial College,Manual,No,1,2-5 Miles,Europe,36,Yes
21557,5,Single,Female,"$110,000",0,Partial College,Management,Yes,3,10+ Miles,Pacific,32,Yes
26663,5,Single,Female,"$60,000",2,Bachelors,Professional,No,1,0-1 Miles,Pacific,39,Yes
11896,5,Married,Male,"$100,000",1,Graduate Degree,Management,Yes,0,2-5 Miles,Pacific,36,Yes
14189,5,Married,Female,"$90,000",4,High School,Professional,No,2,2-5 Miles,Europe,54,Yes
13136,5,Married,Female,"$30,000",2,Partial College,Clerical,No,2,5-10 Miles,Pacific,69,No
25906,5,Single,Female,"$10,000",5,High School,Skilled Manual,No,2,1-2 Miles,Pacific,62,No
17926,5,Single,Female,"$40,000",0,Bachelors,Clerical,No,0,0-1 Miles,Pacific,28,Yes
26928,5,Single,Male,"$30,000",1,Bachelors,Clerical,Yes,0,0-1 Miles,Europe,62,Yes
20897,5,Married,Female,"$30,000",1,Bachelors,Skilled Manual,Yes,2,0-1 Miles,Europe,40,No
28207,5,Married,Male,"$80,000",4,Graduate Degree,Management,Yes,1,0-1 Miles,Pacific,36,Yes
25923,5,Single,Male,"$10,000",2,Partial High School,Clerical,Yes,2,5-10 Miles,Pacific,58,No
11000,5,Married,Male,"$90,000",2,Bachelors,Professional,Yes,0,1-2 Miles,Pacific,40,Yes
20974,5,Married,Male,"$10,000",2,Bachelors,Clerical,Yes,1,0-1 Miles,Europe,66,No
28758,5,Married,Male,"$40,000",2,Partial College,Clerical,Yes,1,1-2 Miles,Europe,35,Yes
11381,5,Married,Female,"$20,000",2,Partial College,Manual,Yes,1,2-5 Miles,Europe,47,Yes
17522,5,Married,Male,"$120,000",4,Bachelors,Management,Yes,1,2-5 Miles,Pacific,47,No
21207,5,Married,Male,"$60,000",1,Partial College,Skilled Manual,Yes,1,5-10 Miles,Pacific,46,No
28102,5,Married,Male,"$20,000",4,High School,Skilled Manual,Yes,2,5-10 Miles,Pacific,58,Yes
23105,5,Single,Male,"$40,000",3,Partial High School,Clerical,No,2,5-10 Miles,Pacific,52,Yes
18740,5,Married,Male,"$80,000",5,Bachelors,Professional,No,1,0-1 Miles,Pacific,47,Yes
21213,5,Single,Male,"$70,000",0,Bachelors,Professional,No,1,5-10 Miles,Pacific,41,No
17352,5,Married,Male,"$50,000",2,Graduate Degree,Management,Yes,1,5-10 Miles,Pacific,64,Yes
14154,5,Married,Male,"$30,000",0,Bachelors,Clerical,Yes,0,0-1 Miles,Europe,35,Yes
19066,5,Married,Male,"$130,000",4,Partial College,Professional,No,3,10+ Miles,Europe,54,No
11386,5,Married,Female,"$30,000",3,Bachelors,Clerical,Yes,0,0-1 Miles,Europe,45,No
20228,5,Married,Male,"$100,000",0,Graduate Degree,Management,Yes,0,2-5 Miles,Pacific,40,Yes
16675,5,Single,Female,"$160,000",0,Graduate Degree,Management,No,3,0-1 Miles,Pacific,47,Yes
16410,5,Single,Female,"$10,000",4,Partial High School,Manual,Yes,2,0-1 Miles,Europe,41,Yes
27760,5,Single,Female,"$40,000",0,Graduate Degree,Clerical,No,0,0-1 Miles,Europe,37,Yes
22930,5,Married,Male,"$90,000",4,Bachelors,Professional,Yes,0,1-2 Miles,Pacific,38,Yes
23780,5,Single,Male,"$40,000",2,Partial College,Clerical,No,2,0-1 Miles,Europe,36,Yes
20994,5,Married,Female,"$20,000",0,Bachelors,Clerical,No,0,0-1 Miles,Pacific,26,Yes
28379,5,Married,Male,"$30,000",1,Bachelors,Skilled Manual,Yes,2,0-1 Miles,Europe,40,No
14865,5,Single,Male,"$40,000",2,Partial College,Clerical,Yes,2,1-2 Miles,Europe,36,No
12663,5,Married,Female,"$90,000",5,Partial High School,Skilled Manual,Yes,2,10+ Miles,Europe,59,No
24898,5,Single,Female,"$80,000",0,Bachelors,Professional,Yes,3,10+ Miles,Pacific,32,No
19508,5,Married,Male,"$10,000",0,Partial High School,Manual,No,2,0-1 Miles,Europe,30,No
11489,5,Single,Female,"$20,000",0,Partial High School,Manual,No,2,1-2 Miles,Europe,35,Yes
18160,5,Married,Male,"$130,000",3,High School,Professional,Yes,4,5-10 Miles,Europe,51,Yes
25241,5,Married,Male,"$90,000",2,Bachelors,Professional,Yes,1,5-10 Miles,Pacific,47,No
24369,5,Married,Male,"$80,000",5,Graduate Degree,Management,No,2,0-1 Miles,Pacific,39,No
27165,5,Single,Male,"$20,000",0,Partial High School,Manual,No,2,0-1 Miles,Europe,34,No
29424,5,Married,Male,"$10,000",0,Partial High School,Manual,Yes,2,0-1 Miles,Europe,32,No
15926,5,Single,Female,"$120,000",3,High School,Professional,Yes,4,5-10 Miles,Europe,50,Yes
14554,5,Married,Male,"$20,000",1,Bachelors,Clerical,Yes,0,0-1 Miles,Europe,66,No
16468,5,Single,Male,"$30,000",0,Partial College,Clerical,Yes,1,2-5 Miles,Europe,30,No
19174,5,Single,Female,"$30,000",0,High School,Manual,No,1,2-5 Miles,Europe,32,Yes
19183,5,Single,Male,"$10,000",0,Partial High School,Manual,Yes,2,1-2 Miles,Europe,35,No
13683,5,Single,Female,"$30,000",0,High School,Manual,No,1,2-5 Miles,Europe,32,No
17848,5,Single,Male,"$30,000",0,Partial College,Clerical,No,1,2-5 Miles,Europe,31,Yes
17894,5,Married,Female,"$20,000",1,Bachelors,Clerical,Yes,0,0-1 Miles,Europe,50,Yes
25651,5,Married,Male,"$40,000",1,Bachelors,Skilled Manual,No,0,0-1 Miles,Europe,43,Yes
22936,5,Single,Female,"$60,000",1,Partial College,Skilled Manual,No,1,0-1 Miles,Pacific,45,Yes
23915,5,Married,Male,"$20,000",2,High School,Manual,Yes,2,0-1 Miles,Europe,42,No
24121,5,Single,Female,"$30,000",0,Partial College,Clerical,No,1,0-1 Miles,Europe,29,Yes
27878,5,Single,Male,"$20,000",0,Partial College,Manual,No,0,0-1 Miles,Pacific,28,Yes
13572,5,Single,Male,"$10,000",3,High School,Manual,Yes,0,0-1 Miles,Europe,37,Yes
27941,5,Married,Female,"$80,000",4,Partial College,Professional,Yes,2,2-5 Miles,Europe,53,No
26354,5,Single,Male,"$40,000",0,Graduate Degree,Clerical,No,0,0-1 Miles,Europe,38,Yes
14785,5,Single,Male,"$30,000",1,Bachelors,Clerical,No,1,1-2 Miles,Europe,39,No
17238,5,Single,Male,"$80,000",0,Bachelors,Professional,Yes,3,10+ Miles,Pacific,32,No
23608,5,Married,Female,"$150,000",3,High School,Professional,Yes,3,0-1 Miles,Europe,51,Yes
22538,5,Single,Female,"$10,000",0,Partial High School,Manual,Yes,2,1-2 Miles,Europe,33,No
12332,5,Married,Male,"$90,000",4,High School,Management,Yes,3,5-10 Miles,Europe,58,Yes
17230,5,Married,Male,"$80,000",0,Bachelors,Professional,Yes,3,10+ Miles,Pacific,30,No
13082,5,Single,Male,"$130,000",0,Graduate Degree,Management,Yes,0,2-5 Miles,Pacific,48,Yes
22518,5,Single,Female,"$30,000",3,Partial College,Clerical,No,2,0-1 Miles,Europe,27,Yes
13687,5,Married,Male,"$40,000",1,Bachelors,Skilled Manual,Yes,1,0-1 Miles,Europe,33,Yes
23571,5,Married,Female,"$40,000",2,Bachelors,Management,Yes,2,0-1 Miles,Pacific,66,Yes
19305,5,Single,Female,"$10,000",2,High School,Manual,Yes,1,0-1 Miles,Europe,38,Yes
22636,5,Single,Female,"$40,000",0,Bachelors,Clerical,No,0,0-1 Miles,Europe,38,Yes
17310,5,Married,Male,"$60,000",1,Partial College,Skilled Manual,Yes,1,0-1 Miles,Pacific,45,Yes
12133,5,Married,Female,"$130,000",3,Partial College,Professional,Yes,3,5-10 Miles,Europe,50,Yes
25918,5,Single,Female,"$30,000",2,Partial College,Clerical,No,2,5-10 Miles,Pacific,60,Yes
25752,5,Single,Female,"$20,000",2,Partial College,Manual,No,1,0-1 Miles,Europe,53,Yes
17324,5,Married,Female,"$100,000",4,Bachelors,Professional,Yes,1,10+ Miles,Pacific,46,No
22918,5,Single,Male,"$80,000",5,Graduate Degree,Management,Yes,3,0-1 Miles,Pacific,50,No
12510,5,Married,Male,"$40,000",1,Bachelors,Skilled Manual,Yes,1,0-1 Miles,Europe,43,Yes
25512,5,Single,Male,"$20,000",0,High School,Manual,No,1,2-5 Miles,Europe,30,No
16179,5,Single,Female,"$80,000",5,Bachelors,Professional,Yes,4,1-2 Miles,Pacific,38,No
15628,5,Married,Female,"$40,000",1,Bachelors,Skilled Manual,Yes,1,0-1 Miles,Europe,89,No
20977,5,Married,Male,"$20,000",1,Bachelors,Clerical,Yes,0,0-1 Miles,Europe,64,Yes
18140,5,Married,Male,"$130,000",3,Partial College,Professional,No,3,5-10 Miles,Europe,51,Yes
20417,5,Married,Male,"$30,000",3,Partial College,Clerical,No,2,5-10 Miles,Pacific,56,No
18267,5,Married,Male,"$60,000",3,Bachelors,Professional,Yes,2,5-10 Miles,Pacific,43,No
13620,5,Single,Male,"$70,000",0,Bachelors,Professional,No,3,10+ Miles,Pacific,30,Yes
22974,5,Married,Female,"$30,000",2,Partial College,Clerical,Yes,2,5-10 Miles,Pacific,69,No
13586,5,Married,Male,"$80,000",4,Partial College,Professional,Yes,2,10+ Miles,Europe,53,No
17978,5,Married,Male,"$40,000",0,Graduate Degree,Clerical,Yes,0,0-1 Miles,Europe,37,Yes
12581,5,Single,Female,"$10,000",0,Partial College,Manual,No,1,0-1 Miles,Pacific,28,Yes
18018,5,Single,Male,"$30,000",3,Partial College,Clerical,Yes,0,0-1 Miles,Europe,43,No
28957,5,Single,Female,"$120,000",0,Partial High School,Professional,Yes,4,10+ Miles,Pacific,34,Yes
13690,5,Single,Female,"$20,000",0,Partial High School,Manual,No,2,1-2 Miles,Europe,34,Yes
12568,5,Married,Female,"$30,000",1,Bachelors,Clerical,Yes,0,0-1 Miles,Europe,64,No
13122,5,Married,Female,"$80,000",0,Bachelors,Professional,Yes,1,1-2 Miles,Pacific,41,Yes
21184,5,Single,Male,"$70,000",0,Bachelors,Professional,No,1,5-10 Miles,Pacific,38,No
26150,5,Single,Female,"$70,000",0,Bachelors,Professional,No,1,0-1 Miles,Pacific,41,Yes
24151,5,Single,Male,"$20,000",1,Bachelors,Clerical,No,0,0-1 Miles,Europe,51,No
23962,5,Married,Female,"$10,000",0,Partial High School,Manual,Yes,2,1-2 Miles,Europe,32,No
17793,5,Married,Female,"$40,000",0,Bachelors,Clerical,Yes,0,0-1 Miles,Europe,38,Yes
14926,5,Married,Male,"$30,000",1,Bachelors,Clerical,Yes,0,0-1 Miles,Europe,38,Yes
16163,5,Single,Male,"$60,000",2,Bachelors,Professional,Yes,1,2-5 Miles,Pacific,38,Yes
21365,5,Married,Female,"$10,000",2,Partial High School,Clerical,Yes,2,5-10 Miles,Pacific,58,No
27771,5,Single,Male,"$30,000",1,Bachelors,Clerical,Yes,1,1-2 Miles,Europe,39,Yes
26167,5,Single,Female,"$40,000",2,Bachelors,Management,No,1,5-10 Miles,Pacific,53,Yes
25792,5,Single,Female,"$110,000",3,Bachelors,Management,Yes,4,10+ Miles,Europe,53,No
11555,5,Married,Female,"$40,000",1,Bachelors,Clerical,Yes,0,0-1 Miles,Europe,80,No
22381,5,Married,Male,"$10,000",1,Graduate Degree,Manual,Yes,0,0-1 Miles,Europe,44,No
17882,5,Married,Male,"$20,000",1,Graduate Degree,Clerical,Yes,0,0-1 Miles,Europe,44,No
22174,5,Married,Male,"$30,000",3,High School,Skilled Manual,Yes,2,5-10 Miles,Pacific,54,Yes
22439,5,Married,Female,"$30,000",0,Bachelors,Clerical,Yes,0,0-1 Miles,Europe,37,Yes
18012,5,Married,Female,"$40,000",1,Bachelors,Skilled Manual,Yes,0,0-1 Miles,Europe,41,No
27582,5,Single,Female,"$90,000",2,Bachelors,Professional,No,0,0-1 Miles,Pacific,36,Yes
12744,5,Single,Female,"$40,000",2,Partial College,Clerical,Yes,0,0-1 Miles,Europe,33,No
22821,5,Married,Female,"$130,000",3,Partial College,Professional,Yes,4,0-1 Miles,Europe,52,No
20171,5,Married,Female,"$20,000",2,Partial College,Manual,Yes,1,0-1 Miles,Europe,46,Yes
11116,5,Married,Male,"$70,000",5,Partial College,Skilled Manual,Yes,2,5-10 Miles,Pacific,43,No
20053,5,Single,Male,"$40,000",2,Partial College,Clerical,Yes,0,0-1 Miles,Europe,34,No
25266,5,Single,Female,"$30,000",2,Partial College,Clerical,No,2,5-10 Miles,Pacific,67,No
17960,5,Married,Female,"$40,000",0,Graduate Degree,Clerical,Yes,0,0-1 Miles,Europe,35,Yes
13961,5,Married,Female,"$80,000",5,Graduate Degree,Management,Yes,3,0-1 Miles,Pacific,40,No
11897,5,Single,Male,"$60,000",2,Bachelors,Professional,No,1,0-1 Miles,Pacific,37,Yes
11139,5,Single,Female,"$30,000",2,Partial College,Clerical,No,2,5-10 Miles,Pacific,67,No
11576,5,Married,Male,"$30,000",1,Bachelors,Skilled Manual,Yes,2,0-1 Miles,Europe,41,Yes
19255,5,Single,Male,"$10,000",2,Partial College,Manual,Yes,1,0-1 Miles,Europe,51,Yes
18153,5,Married,Female,"$100,000",2,Bachelors,Management,Yes,4,10+ Miles,Europe,59,No
14547,5,Married,Male,"$10,000",2,Partial College,Manual,Yes,0,1-2 Miles,Europe,51,No
24901,5,Single,Male,"$110,000",0,Partial College,Management,No,3,10+ Miles,Pacific,32,Yes
27169,5,Single,Male,"$30,000",0,High School,Manual,Yes,1,2-5 Miles,Europe,34,Yes
14805,5,Single,Female,"$10,000",3,Partial High School,Manual,Yes,2,0-1 Miles,Europe,43,No
15822,5,Married,Male,"$40,000",2,Bachelors,Management,Yes,2,0-1 Miles,Pacific,67,No
19389,5,Single,Male,"$30,000",0,Partial College,Clerical,No,1,2-5 Miles,Europe,28,No
17048,5,Single,Female,"$90,000",1,Graduate Degree,Management,Yes,0,0-1 Miles,Pacific,36,Yes
22204,5,Married,Male,"$110,000",4,Bachelors,Management,Yes,3,2-5 Miles,Pacific,48,No
12718,5,Single,Female,"$30,000",0,Partial College,Clerical,Yes,1,2-5 Miles,Europe,31,No
15019,5,Single,Female,"$30,000",3,High School,Skilled Manual,Yes,2,5-10 Miles,Pacific,55,No
28488,5,Single,Male,"$20,000",0,Partial College,Manual,Yes,0,0-1 Miles,Pacific,28,Yes
21891,5,Married,Female,"$110,000",0,High School,Management,Yes,3,10+ Miles,Pacific,34,Yes
27814,5,Single,Female,"$30,000",3,Partial College,Clerical,No,1,0-1 Miles,Europe,26,No
22175,5,Married,Female,"$30,000",3,High School,Skilled Manual,Yes,2,5-10 Miles,Pacific,53,Yes
29447,5,Single,Female,"$10,000",2,Bachelors,Clerical,No,1,2-5 Miles,Europe,68,No
19784,5,Married,Female,"$80,000",2,High School,Skilled Manual,Yes,2,5-10 Miles,Pacific,50,Yes
27824,5,Single,Female,"$30,000",3,Partial College,Clerical,Yes,2,0-1 Miles,Europe,28,Yes
24093,5,Single,Female,"$80,000",0,Graduate Degree,Skilled Manual,No,0,0-1 Miles,Europe,40,Yes
19618,5,Married,Male,"$70,000",5,Partial College,Skilled Manual,Yes,2,0-1 Miles,Pacific,44,No
21561,5,Single,Male,"$90,000",0,Bachelors,Professional,No,3,10+ Miles,Pacific,34,Yes
11061,5,Married,Male,"$70,000",2,Partial College,Skilled Manual,Yes,2,5-10 Miles,Pacific,52,Yes
26651,5,Single,Male,"$80,000",4,Graduate Degree,Management,Yes,0,0-1 Miles,Pacific,36,Yes
21108,5,Married,Female,"$40,000",1,Bachelors,Skilled Manual,Yes,1,0-1 Miles,Europe,43,Yes
12731,5,Single,Male,"$30,000",0,High School,Manual,No,1,1-2 Miles,Europe,32,No
25307,5,Married,Female,"$40,000",1,Bachelors,Skilled Manual,Yes,1,1-2 Miles,Europe,32,Yes
14278,5,Married,Female,"$130,000",0,Graduate Degree,Management,Yes,1,10+ Miles,Pacific,48,No
20711,5,Married,Female,"$40,000",1,Bachelors,Skilled Manual,Yes,0,1-2 Miles,Europe,32,Yes
11383,5,Married,Female,"$30,000",3,Graduate Degree,Clerical,Yes,0,0-1 Miles,Europe,46,No
12497,5,Married,Female,"$40,000",1,Bachelors,Skilled Manual,Yes,0,0-1 Miles,Europe,42,No
16559,5,Single,Female,"$10,000",2,High School,Manual,Yes,0,0-1 Miles,Europe,36,Yes
11585,5,Married,Female,"$40,000",1,Bachelors,Skilled Manual,Yes,0,0-1 Miles,Europe,41,No
20277,5,Married,Female,"$30,000",2,Partial College,Clerical,No,2,0-1 Miles,Pacific,69,No
26765,5,Single,Female,"$70,000",5,Partial College,Skilled Manual,Yes,2,5-10 Miles,Pacific,45,No
12389,5,Single,Male,"$30,000",0,High School,Manual,No,1,2-5 Miles,Europe,34,No
13585,5,Married,Female,"$80,000",4,Partial College,Professional,No,1,2-5 Miles,Europe,53,Yes
26385,5,Single,Male,"$120,000",3,High School,Professional,No,4,5-10 Miles,Europe,50,No
12236,5,Married,Female,"$20,000",1,Partial College,Manual,Yes,0,0-1 Miles,Europe,65,No
21560,5,Married,Male,"$120,000",0,Partial High School,Professional,Yes,4,10+ Miles,Pacific,32,Yes
21554,5,Single,Female,"$80,000",0,Bachelors,Professional,No,3,10+ Miles,Pacific,33,No
13662,5,Single,Male,"$20,000",0,Partial High School,Manual,Yes,2,1-2 Miles,Europe,31,Yes
13089,5,Married,Female,"$120,000",1,Bachelors,Management,Yes,2,0-1 Miles,Pacific,46,Yes
14791,5,Married,Female,"$40,000",0,Bachelors,Clerical,Yes,0,0-1 Miles,Europe,39,Yes
19331,5,Single,Male,"$20,000",2,High School,Manual,Yes,1,0-1 Miles,Europe,40,No
17754,5,Single,Female,"$30,000",3,Bachelors,Clerical,Yes,0,0-1 Miles,Europe,46,Yes
11149,5,Married,Male,"$40,000",2,Bachelors,Management,Yes,2,0-1 Miles,Pacific,65,No
16549,5,Single,Female,"$30,000",3,Bachelors,Clerical,Yes,0,0-1 Miles,Europe,47,Yes
24305,5,Single,Male,"$100,000",1,Bachelors,Management,No,3,0-1 Miles,Pacific,46,Yes
18253,5,Married,Female,"$80,000",5,Graduate Degree,Management,Yes,3,0-1 Miles,Pacific,40,No
20147,5,Married,Female,"$30,000",1,Bachelors,Clerical,Yes,0,0-1 Miles,Europe,65,No
15612,5,Single,Male,"$30,000",0,High School,Manual,No,1,1-2 Miles,Europe,28,No
28323,5,Single,Male,"$70,000",0,Bachelors,Professional,No,2,5-10 Miles,Pacific,43,Yes
22634,5,Single,Female,"$40,000",0,Graduate Degree,Clerical,Yes,0,0-1 Miles,Europe,38,Yes
15665,5,Married,Female,"$30,000",0,Bachelors,Clerical,Yes,0,0-1 Miles,Europe,47,Yes
27585,5,Married,Female,"$90,000",2,Bachelors,Professional,No,0,0-1 Miles,Pacific,36,Yes
19748,5,Married,Male,"$20,000",4,High School,Skilled Manual,No,2,1-2 Miles,Pacific,60,No
21974,5,Single,Female,"$70,000",0,Bachelors,Professional,Yes,1,5-10 Miles,Pacific,42,Yes
14032,5,Married,Male,"$70,000",2,High School,Skilled Manual,No,2,1-2 Miles,Pacific,50,Yes
22610,5,Married,Male,"$30,000",0,Bachelors,Clerical,Yes,0,0-1 Miles,Europe,35,Yes
26984,5,Married,Male,"$40,000",1,Bachelors,Skilled Manual,Yes,1,0-1 Miles,Europe,32,Yes
18294,5,Married,Female,"$90,000",1,Bachelors,Professional,Yes,1,5-10 Miles,Pacific,46,No
28564,5,Single,Female,"$40,000",2,Partial College,Clerical,Yes,0,1-2 Miles,Europe,33,Yes
28521,5,Single,Male,"$40,000",0,Graduate Degree,Clerical,No,0,0-1 Miles,Europe,36,Yes
15450,5,Married,Male,"$10,000",1,Graduate Degree,Clerical,Yes,0,0-1 Miles,Europe,70,No
25681,5,Single,Female,"$30,000",0,Partial College,Clerical,No,1,2-5 Miles,Europe,31,Yes
19491,5,Single,Male,"$30,000",2,Partial College,Clerical,Yes,2,0-1 Miles,Europe,42,No
26415,5,Married,Female,"$90,000",4,Partial High School,Skilled Manual,Yes,4,10+ Miles,Europe,58,No
12821,5,Married,Male,"$40,000",0,Bachelors,Clerical,Yes,0,0-1 Miles,Europe,39,No
15629,5,Single,Female,"$10,000",0,Partial High School,Manual,Yes,2,1-2 Miles,Europe,34,No
27835,5,Married,Male,"$20,000",0,Partial High School,Manual,Yes,2,0-1 Miles,Europe,32,No
11738,5,Married,Male,"$60,000",4,Bachelors,Professional,Yes,0,2-5 Miles,North America,46,No
25065,5,Married,Male,"$70,000",2,Partial High School,Skilled Manual,Yes,2,5-10 Miles,North America,48,No
26238,5,Single,Female,"$40,000",3,Partial College,Clerical,Yes,1,1-2 Miles,North America,31,Yes
23707,5,Single,Male,"$70,000",5,Bachelors,Management,Yes,3,10+ Miles,North America,60,Yes
27650,5,Married,Male,"$70,000",4,High School,Professional,Yes,0,5-10 Miles,North America,51,No
24981,5,Married,Male,"$60,000",2,Partial College,Professional,Yes,2,10+ Miles,North America,56,No
20678,5,Single,Female,"$60,000",3,Bachelors,Skilled Manual,Yes,1,2-5 Miles,North America,40,Yes
15302,5,Single,Female,"$70,000",1,Graduate Degree,Professional,Yes,0,2-5 Miles,North America,34,Yes
26012,5,Married,Male,"$80,000",1,Partial College,Skilled Manual,Yes,1,2-5 Miles,North America,48,Yes
26575,5,Single,Female,"$40,000",0,High School,Skilled Manual,No,2,1-2 Miles,North America,31,Yes
15559,5,Married,Male,"$60,000",5,Bachelors,Professional,Yes,1,2-5 Miles,North America,47,No
19235,5,Married,Female,"$50,000",0,Graduate Degree,Skilled Manual,Yes,0,0-1 Miles,North America,34,No
15275,5,Married,Male,"$40,000",0,Partial College,Skilled Manual,Yes,1,5-10 Miles,North America,29,No
20339,5,Married,Female,"$130,000",1,Bachelors,Management,Yes,4,2-5 Miles,North America,44,Yes
25405,5,Married,Male,"$70,000",2,Bachelors,Skilled Manual,Yes,1,2-5 Miles,North America,38,Yes
15940,5,Married,Male,"$100,000",4,Partial College,Professional,Yes,4,0-1 Miles,North America,40,No
25074,5,Married,Female,"$70,000",4,Bachelors,Professional,Yes,2,2-5 Miles,North America,42,Yes
24738,5,Married,Female,"$40,000",1,Partial College,Clerical,Yes,1,1-2 Miles,North America,51,Yes
16337,5,Married,Male,"$60,000",0,Partial College,Skilled Manual,No,2,1-2 Miles,North America,29,No
24357,5,Married,Male,"$80,000",3,Bachelors,Professional,Yes,1,2-5 Miles,North America,48,Yes
18613,5,Single,Male,"$70,000",0,Bachelors,Professional,No,1,2-5 Miles,North America,37,Yes
12207,5,Single,Male,"$80,000",4,Bachelors,Management,Yes,0,5-10 Miles,North America,66,Yes
18052,5,Married,Female,"$60,000",1,Partial College,Skilled Manual,Yes,1,0-1 Miles,North America,45,Yes
13353,5,Single,Female,"$60,000",4,Graduate Degree,Management,Yes,2,10+ Miles,North America,61,Yes
19399,5,Single,Male,"$40,000",0,Bachelors,Professional,No,1,2-5 Miles,North America,45,No
16154,5,Married,Female,"$70,000",5,Bachelors,Professional,Yes,2,2-5 Miles,North America,47,No
22219,5,Married,Female,"$60,000",2,High School,Professional,Yes,2,5-10 Miles,North America,49,No
17269,5,Single,Male,"$60,000",3,Bachelors,Professional,No,0,0-1 Miles,North America,47,Yes
23586,5,Married,Female,"$80,000",0,Bachelors,Management,Yes,1,1-2 Miles,North America,34,Yes
15740,5,Married,Male,"$80,000",5,Bachelors,Management,Yes,2,1-2 Miles,North America,64,No
27638,5,Single,Male,"$100,000",1,Partial College,Professional,No,3,1-2 Miles,North America,44,No
18976,5,Single,Male,"$40,000",4,High School,Professional,Yes,2,10+ Miles,North America,62,Yes
19413,5,Single,Male,"$60,000",3,Bachelors,Professional,No,1,0-1 Miles,North America,47,Yes
13283,5,Married,Male,"$80,000",3,Partial College,Professional,No,2,0-1 Miles,North America,49,Yes
17471,5,Single,Female,"$80,000",4,Graduate Degree,Management,Yes,2,5-10 Miles,North America,67,No
16791,5,Single,Male,"$60,000",5,Bachelors,Management,Yes,3,10+ Miles,North America,59,Yes
15382,5,Married,Female,"$110,000",1,Bachelors,Management,Yes,2,1-2 Miles,North America,44,No
11641,5,Married,Male,"$50,000",1,Bachelors,Skilled Manual,Yes,0,0-1 Miles,North America,36,No
11935,5,Single,Female,"$30,000",0,Partial College,Skilled Manual,Yes,1,5-10 Miles,North America,28,No
13233,5,Married,Male,"$60,000",2,Partial College,Professional,Yes,1,10+ Miles,North America,57,Yes
25909,5,Married,Male,"$60,000",0,Partial College,Skilled Manual,Yes,1,5-10 Miles,North America,27,Yes
14092,5,Single,Male,"$30,000",0,Partial High School,Clerical,Yes,2,5-10 Miles,North America,28,No
29143,5,Single,Female,"$60,000",1,Bachelors,Professional,No,1,0-1 Miles,North America,44,Yes
24941,5,Married,Male,"$60,000",3,Bachelors,Management,Yes,2,10+ Miles,North America,66,No
24637,5,Married,Male,"$40,000",4,High School,Professional,Yes,2,10+ Miles,North America,64,No
23893,5,Married,Male,"$50,000",3,Bachelors,Skilled Manual,Yes,3,10+ Miles,North America,41,No
13907,5,Single,Female,"$80,000",3,Bachelors,Skilled Manual,Yes,1,0-1 Miles,North America,41,Yes
14900,5,Married,Female,"$40,000",1,Partial College,Clerical,Yes,1,1-2 Miles,North America,49,Yes
11262,5,Married,Female,"$80,000",4,Bachelors,Management,Yes,0,0-1 Miles,North America,42,No
22294,5,Single,Female,"$70,000",0,Bachelors,Professional,No,1,2-5 Miles,North America,37,Yes
12195,5,Single,Female,"$70,000",3,Graduate Degree,Management,Yes,2,1-2 Miles,North America,52,No
25375,5,Married,Male,"$50,000",1,Graduate Degree,Skilled Manual,Yes,0,1-2 Miles,North America,34,No
11143,5,Married,Male,"$40,000",0,High School,Skilled Manual,Yes,2,5-10 Miles,North America,29,No
25898,5,Married,Female,"$70,000",2,High School,Professional,Yes,2,2-5 Miles,North America,53,No
24397,5,Single,Male,"$120,000",2,Bachelors,Management,No,4,1-2 Miles,North America,40,No
19758,5,Single,Male,"$60,000",0,Partial College,Skilled Manual,No,2,1-2 Miles,North America,29,No
15529,5,Married,Male,"$60,000",4,Bachelors,Professional,Yes,2,2-5 Miles,North America,43,Yes
19884,5,Married,Male,"$60,000",2,High School,Professional,Yes,2,2-5 Miles,North America,55,Yes
18674,5,Single,Female,"$80,000",4,Graduate Degree,Skilled Manual,No,0,0-1 Miles,North America,48,No
13453,5,Married,Female,"$130,000",3,Bachelors,Management,Yes,3,0-1 Miles,North America,45,Yes
14063,5,Single,Female,"$70,000",0,Bachelors,Professional,No,1,0-1 Miles,Pacific,42,Yes
27393,5,Married,Female,"$50,000",4,Bachelors,Management,Yes,2,10+ Miles,North America,63,No
14417,5,Single,Male,"$60,000",3,High School,Professional,Yes,2,10+ Miles,North America,54,Yes
17533,5,Married,Male,"$40,000",3,Partial College,Professional,No,2,5-10 Miles,North America,73,Yes
18580,5,Married,Female,"$60,000",2,Graduate Degree,Professional,Yes,0,2-5 Miles,North America,40,Yes
17025,5,Single,Male,"$50,000",0,Partial College,Skilled Manual,No,1,2-5 Miles,North America,39,Yes
25293,5,Married,Male,"$80,000",4,Bachelors,Management,Yes,0,1-2 Miles,North America,42,No
24725,5,Married,Female,"$40,000",3,Partial College,Clerical,Yes,0,1-2 Miles,North America,31,No
23200,5,Married,Female,"$50,000",3,Bachelors,Skilled Manual,Yes,2,0-1 Miles,North America,41,No
15895,5,Single,Female,"$60,000",2,Bachelors,Management,Yes,0,10+ Miles,North America,58,No
18577,5,Married,Female,"$60,000",0,Graduate Degree,Professional,Yes,0,0-1 Miles,North America,40,No
27218,5,Married,Female,"$20,000",2,Partial High School,Clerical,No,0,0-1 Miles,North America,48,No
18560,5,Married,Female,"$70,000",2,Graduate Degree,Professional,Yes,0,2-5 Miles,North America,34,Yes
25006,5,Single,Female,"$30,000",0,Partial College,Skilled Manual,Yes,1,5-10 Miles,North America,28,No
17369,5,Single,Male,"$30,000",0,Partial College,Skilled Manual,Yes,1,5-10 Miles,North America,27,No
14495,5,Married,Male,"$40,000",3,Partial College,Professional,No,2,5-10 Miles,North America,54,Yes
18847,5,Married,Female,"$60,000",2,Graduate Degree,Management,Yes,2,5-10 Miles,North America,70,No
14754,5,Married,Male,"$40,000",1,Partial College,Clerical,Yes,1,1-2 Miles,North America,48,Yes
23378,5,Married,Male,"$70,000",1,Partial College,Skilled Manual,Yes,1,2-5 Miles,North America,44,Yes
26452,5,Single,Male,"$50,000",3,Graduate Degree,Management,Yes,2,10+ Miles,North America,69,No
20370,5,Married,Male,"$70,000",3,Partial High School,Skilled Manual,Yes,2,5-10 Miles,North America,52,No
20528,5,Married,Male,"$40,000",2,Partial High School,Skilled Manual,Yes,2,2-5 Miles,North America,55,No
23549,5,Single,Male,"$30,000",0,High School,Skilled Manual,Yes,2,5-10 Miles,North America,30,No
21751,5,Married,Male,"$60,000",3,Graduate Degree,Management,Yes,2,1-2 Miles,North America,63,No
21266,5,Single,Female,"$80,000",0,Bachelors,Management,Yes,1,1-2 Miles,North America,34,Yes
13388,5,Single,Male,"$60,000",2,Partial College,Professional,Yes,1,10+ Miles,North America,56,No
18752,5,Single,Female,"$40,000",0,High School,Skilled Manual,Yes,1,5-10 Miles,North America,31,No
16917,5,Married,Male,"$120,000",1,Bachelors,Management,Yes,4,0-1 Miles,North America,38,No
15313,5,Married,Male,"$60,000",4,Bachelors,Management,Yes,2,2-5 Miles,North America,59,No
25329,5,Single,Female,"$40,000",3,Partial College,Clerical,No,2,0-1 Miles,North America,32,No
20380,5,Married,Female,"$60,000",3,Graduate Degree,Management,Yes,2,10+ Miles,North America,69,No
23089,5,Married,Male,"$40,000",0,Partial College,Skilled Manual,Yes,1,5-10 Miles,North America,28,No
13749,5,Married,Male,"$80,000",4,Graduate Degree,Skilled Manual,Yes,0,1-2 Miles,North America,47,No
24943,5,Married,Male,"$60,000",3,Bachelors,Management,Yes,2,10+ Miles,North America,66,No
28667,5,Single,Male,"$70,000",2,Bachelors,Skilled Manual,No,1,0-1 Miles,North America,37,Yes
15194,5,Single,Male,"$120,000",2,Bachelors,Management,No,3,0-1 Miles,North America,39,Yes
17436,5,Married,Male,"$60,000",2,High School,Professional,No,2,1-2 Miles,North America,51,No
18935,5,Married,Female,"$130,000",0,Graduate Degree,Management,Yes,3,1-2 Miles,North America,40,No
16871,5,Married,Female,"$90,000",2,High School,Professional,Yes,1,10+ Miles,North America,51,Yes
12100,5,Single,Male,"$60,000",2,Bachelors,Management,Yes,0,10+ Miles,North America,57,No
23158,5,Married,Female,"$60,000",1,Graduate Degree,Professional,No,0,0-1 Miles,North America,35,Yes
18545,5,Married,Male,"$40,000",4,High School,Professional,No,2,10+ Miles,North America,61,Yes
18391,5,Single,Female,"$80,000",5,Partial College,Professional,Yes,2,5-10 Miles,North America,44,No
19812,5,Single,Female,"$70,000",2,Partial College,Professional,Yes,0,5-10 Miles,North America,49,Yes
27660,5,Married,Male,"$80,000",4,Graduate Degree,Management,Yes,2,5-10 Miles,North America,70,No
18058,5,Single,Female,"$20,000",3,High School,Skilled Manual,Yes,2,2-5 Miles,North America,78,No
20343,5,Married,Female,"$90,000",4,Partial College,Professional,Yes,1,1-2 Miles,North America,45,No
28997,5,Single,Male,"$40,000",2,High School,Professional,No,1,2-5 Miles,North America,58,Yes
24398,5,Married,Male,"$130,000",1,Graduate Degree,Management,Yes,4,0-1 Miles,North America,41,No
19002,5,Married,Female,"$60,000",2,Partial College,Professional,Yes,1,2-5 Miles,North America,57,Yes
28609,5,Married,Male,"$30,000",2,High School,Skilled Manual,No,2,0-1 Miles,North America,49,No
29231,5,Single,Male,"$80,000",4,Partial College,Professional,No,2,0-1 Miles,North America,43,No
18858,5,Single,Male,"$60,000",2,Partial High School,Skilled Manual,Yes,2,5-10 Miles,North America,52,Yes
20000,5,Married,Male,"$60,000",1,Graduate Degree,Professional,Yes,0,0-1 Miles,North America,35,Yes
25261,5,Married,Male,"$40,000",0,High School,Skilled Manual,Yes,2,5-10 Miles,North America,27,No
17458,5,Single,Male,"$70,000",3,High School,Professional,Yes,0,5-10 Miles,North America,52,Yes
11644,5,Single,Male,"$40,000",2,Bachelors,Skilled Manual,Yes,0,2-5 Miles,North America,36,No
16145,5,Single,Female,"$70,000",5,Graduate Degree,Professional,Yes,3,10+ Miles,North America,46,Yes
16890,5,Married,Male,"$60,000",3,Partial High School,Skilled Manual,Yes,2,5-10 Miles,North America,52,Yes
25983,5,Married,Male,"$70,000",0,Bachelors,Professional,No,1,0-1 Miles,North America,43,No
14633,5,Married,Male,"$60,000",1,Partial College,Skilled Manual,Yes,1,2-5 Miles,North America,44,No
22994,5,Married,Female,"$80,000",0,Bachelors,Management,Yes,1,1-2 Miles,North America,34,Yes
22983,5,Single,Female,"$30,000",0,Partial High School,Clerical,Yes,2,5-10 Miles,North America,27,No
25184,5,Single,Male,"$110,000",1,Partial College,Professional,Yes,4,5-10 Miles,North America,45,Yes
14469,5,Married,Female,"$100,000",3,Partial College,Professional,Yes,4,1-2 Miles,North America,45,No
11538,5,Single,Female,"$60,000",4,Graduate Degree,Skilled Manual,No,0,0-1 Miles,North America,47,Yes
16245,5,Single,Female,"$80,000",4,Graduate Degree,Skilled Manual,Yes,0,1-2 Miles,North America,47,No
17858,5,Married,Male,"$40,000",4,High School,Skilled Manual,Yes,2,2-5 Miles,North America,44,Yes
25347,5,Single,Female,"$20,000",3,Partial High School,Clerical,No,2,0-1 Miles,North America,49,No
15814,5,Single,Female,"$40,000",0,High School,Skilled Manual,Yes,1,5-10 Miles,North America,30,No
11259,5,Married,Female,"$100,000",4,Partial College,Professional,Yes,4,2-5 Miles,North America,41,Yes
11200,5,Married,Male,"$70,000",4,Bachelors,Management,Yes,1,1-2 Miles,North America,58,No
25101,5,Married,Male,"$60,000",5,Bachelors,Professional,Yes,1,2-5 Miles,North America,47,No
21801,5,Married,Female,"$70,000",4,Partial College,Professional,Yes,1,1-2 Miles,North America,55,No
25943,5,Single,Female,"$70,000",0,Partial College,Skilled Manual,No,2,0-1 Miles,North America,27,Yes
22127,5,Married,Male,"$60,000",3,Graduate Degree,Management,Yes,2,1-2 Miles,North America,67,No
20414,5,Married,Female,"$60,000",0,Partial College,Skilled Manual,Yes,2,5-10 Miles,North America,29,No
23672,5,Married,Female,"$60,000",3,Graduate Degree,Management,Yes,2,1-2 Miles,North America,67,No
29255,5,Single,Male,"$80,000",3,Partial College,Professional,No,1,1-2 Miles,North America,51,Yes
28815,5,Married,Female,"$50,000",1,Graduate Degree,Skilled Manual,Yes,0,0-1 Miles,North America,35,No
27753,5,Married,Male,"$40,000",0,High School,Skilled Manual,No,2,1-2 Miles,North America,30,No
27643,5,Single,Male,"$70,000",5,Partial College,Professional,Yes,3,2-5 Miles,North America,44,No
13754,5,Single,Female,"$80,000",4,Graduate Degree,Skilled Manual,Yes,0,1-2 Miles,North America,48,No
22088,5,Married,Female,"$130,000",1,Bachelors,Management,Yes,2,0-1 Miles,North America,45,Yes
27388,5,Married,Male,"$60,000",3,Bachelors,Management,No,2,1-2 Miles,North America,66,No
24745,5,Single,Female,"$30,000",2,High School,Skilled Manual,No,2,0-1 Miles,North America,49,No
29237,5,Single,Female,"$120,000",4,Partial College,Professional,Yes,3,5-10 Miles,North America,43,Yes
15272,5,Single,Male,"$40,000",0,High School,Skilled Manual,No,2,1-2 Miles,North America,30,No
18949,5,Single,Male,"$70,000",0,Graduate Degree,Management,Yes,2,5-10 Miles,North America,74,Yes
14507,5,Married,Male,"$100,000",2,Graduate Degree,Management,Yes,3,1-2 Miles,North America,65,No
25886,5,Married,Female,"$60,000",2,Partial College,Professional,Yes,2,2-5 Miles,North America,56,Yes
21441,5,Married,Male,"$50,000",4,Bachelors,Management,Yes,2,10+ Miles,North America,64,No
21741,5,Married,Female,"$70,000",3,Partial College,Professional,Yes,2,5-10 Miles,North America,50,Yes
14572,5,Married,Female,"$70,000",3,Graduate Degree,Professional,Yes,0,2-5 Miles,North America,35,Yes
23368,5,Married,Female,"$60,000",5,Bachelors,Skilled Manual,Yes,3,10+ Miles,North America,41,No
16217,5,Single,Female,"$60,000",0,Graduate Degree,Skilled Manual,Yes,0,0-1 Miles,North America,39,No
16247,5,Single,Female,"$60,000",4,Graduate Degree,Skilled Manual,No,0,1-2 Miles,North America,47,No
22010,5,Single,Male,"$40,000",0,High School,Skilled Manual,Yes,2,5-10 Miles,North America,31,No
25872,5,Single,Female,"$70,000",2,Bachelors,Management,No,1,2-5 Miles,North America,58,Yes
19164,5,Single,Female,"$70,000",0,Bachelors,Professional,No,1,2-5 Miles,North America,38,Yes
18435,5,Single,Female,"$70,000",5,Graduate Degree,Management,Yes,2,10+ Miles,North America,67,Yes
14284,5,Single,Male,"$60,000",0,Partial College,Professional,No,2,1-2 Miles,North America,32,Yes
11287,5,Married,Male,"$70,000",5,Partial College,Professional,No,3,5-10 Miles,North America,45,No
13066,5,Single,Male,"$30,000",0,High School,Skilled Manual,No,2,1-2 Miles,North America,31,Yes
29106,5,Single,Male,"$40,000",0,High School,Skilled Manual,No,2,1-2 Miles,North America,31,Yes
26236,5,Married,Female,"$40,000",3,Partial College,Clerical,Yes,1,0-1 Miles,North America,31,No
17531,5,Married,Male,"$60,000",2,High School,Professional,No,2,5-10 Miles,North America,50,No
12964,5,Married,Male,"$70,000",1,Partial College,Skilled Manual,Yes,1,0-1 Miles,North America,44,No
19133,5,Single,Male,"$50,000",2,Bachelors,Skilled Manual,Yes,1,2-5 Miles,North America,38,Yes
24643,5,Single,Female,"$60,000",4,Bachelors,Management,Yes,2,10+ Miles,North America,63,No
21599,5,Married,Female,"$60,000",1,Graduate Degree,Professional,Yes,0,2-5 Miles,North America,36,Yes
22976,5,Single,Male,"$40,000",0,High School,Skilled Manual,No,2,0-1 Miles,North America,28,Yes
27637,5,Single,Female,"$100,000",1,Partial College,Professional,No,3,1-2 Miles,North America,44,No
11890,5,Married,Female,"$70,000",5,Graduate Degree,Professional,Yes,1,0-1 Miles,North America,47,No
28580,5,Married,Female,"$80,000",0,Graduate Degree,Skilled Manual,Yes,0,1-2 Miles,North America,40,Yes
14443,5,Married,Male,"$130,000",1,Graduate Degree,Management,Yes,4,0-1 Miles,North America,40,No
17864,5,Married,Female,"$60,000",1,Partial College,Skilled Manual,Yes,1,2-5 Miles,North America,46,Yes
20505,5,Married,Female,"$40,000",5,High School,Professional,No,2,10+ Miles,North America,61,No
14592,5,Married,Female,"$60,000",0,Graduate Degree,Professional,Yes,0,0-1 Miles,North America,40,No
22227,5,Married,Female,"$60,000",2,High School,Professional,Yes,2,5-10 Miles,North America,50,No
21471,5,Married,Male,"$70,000",2,Partial College,Professional,Yes,1,10+ Miles,North America,59,No
22252,5,Single,Female,"$60,000",1,Graduate Degree,Professional,Yes,0,2-5 Miles,North America,36,Yes
21260,5,Single,Female,"$40,000",0,High School,Skilled Manual,Yes,2,5-10 Miles,North America,30,No
11817,5,Single,Female,"$70,000",4,Graduate Degree,Professional,Yes,0,2-5 Miles,North America,35,Yes
19223,5,Married,Female,"$30,000",2,High School,Skilled Manual,Yes,2,1-2 Miles,North America,48,No
18517,5,Married,Male,"$100,000",3,Bachelors,Management,Yes,4,0-1 Miles,North America,41,No
21717,5,Married,Male,"$40,000",2,Partial College,Clerical,Yes,1,0-1 Miles,North America,47,No
13760,5,Married,Male,"$60,000",4,Graduate Degree,Skilled Manual,No,0,0-1 Miles,North America,47,No
18145,5,Married,Male,"$80,000",5,Bachelors,Management,No,2,2-5 Miles,Europe,62,No
21770,5,Married,Male,"$60,000",4,Bachelors,Management,Yes,2,10+ Miles,North America,60,No
11165,5,Married,Female,"$60,000",0,Partial College,Skilled Manual,No,1,1-2 Miles,North America,33,No
16377,5,Single,Female,"$80,000",4,Graduate Degree,Skilled Manual,No,0,0-1 Miles,North America,47,No
26248,5,Married,Male,"$20,000",3,Partial High School,Clerical,No,2,0-1 Miles,North America,52,No
23461,5,Married,Female,"$90,000",5,Partial College,Professional,Yes,3,2-5 Miles,North America,40,No
29133,5,Single,Female,"$60,000",4,Bachelors,Skilled Manual,No,2,0-1 Miles,North America,42,No
27673,5,Single,Female,"$60,000",3,Graduate Degree,Management,Yes,2,5-10 Miles,North America,53,Yes
12774,5,Married,Female,"$40,000",1,Partial College,Clerical,Yes,1,1-2 Miles,North America,51,Yes
18910,5,Single,Male,"$30,000",0,Partial College,Skilled Manual,Yes,2,5-10 Miles,North America,30,No
11699,5,Single,Male,"$60,000",0,Bachelors,Skilled Manual,No,2,0-1 Miles,North America,30,No
16725,5,Married,Male,"$30,000",0,High School,Skilled Manual,Yes,2,5-10 Miles,North America,26,No
28269,5,Single,Female,"$130,000",1,Bachelors,Management,No,1,2-5 Miles,North America,45,No
23144,5,Married,Male,"$50,000",1,Bachelors,Skilled Manual,Yes,0,0-1 Miles,North America,34,Yes
23376,5,Married,Male,"$70,000",1,Bachelors,Professional,Yes,1,2-5 Miles,North America,44,Yes
25970,5,Single,Female,"$60,000",4,Bachelors,Skilled Manual,No,2,0-1 Miles,North America,41,Yes
28068,5,Single,Female,"$80,000",3,Graduate Degree,Professional,No,0,0-1 Miles,North America,36,Yes
18390,5,Married,Male,"$80,000",5,Partial College,Professional,Yes,2,0-1 Miles,North America,44,No
29112,5,Single,Male,"$60,000",0,Partial College,Professional,No,2,1-2 Miles,North America,30,No
14090,5,Married,Female,"$30,000",0,Partial High School,Clerical,No,2,0-1 Miles,North America,28,No
27040,5,Married,Male,"$20,000",2,Partial High School,Clerical,Yes,2,1-2 Miles,North America,49,No
23479,5,Single,Male,"$90,000",0,Partial College,Professional,No,2,0-1 Miles,North America,43,Yes
16795,5,Married,Female,"$70,000",4,Bachelors,Management,Yes,1,1-2 Miles,North America,59,No
22014,5,Single,Male,"$30,000",0,High School,Skilled Manual,Yes,2,5-10 Miles,North America,26,No
13314,5,Married,Male,"$120,000",1,High School,Professional,Yes,4,5-10 Miles,North America,46,Yes
11619,5,Single,Female,"$50,000",0,Graduate Degree,Skilled Manual,Yes,0,1-2 Miles,North America,33,No
29132,5,Single,Female,"$40,000",0,Bachelors,Professional,Yes,1,2-5 Miles,North America,42,Yes
11199,5,Married,Female,"$70,000",4,Bachelors,Management,Yes,1,10+ Miles,North America,59,No
20296,5,Single,Female,"$60,000",0,Partial College,Skilled Manual,No,1,1-2 Miles,North America,33,Yes
17546,5,Married,Female,"$70,000",1,Partial College,Skilled Manual,Yes,1,0-1 Miles,North America,44,Yes
18069,5,Married,Male,"$70,000",5,Bachelors,Management,Yes,4,10+ Miles,North America,60,No
23712,5,Single,Female,"$70,000",2,Bachelors,Management,Yes,1,10+ Miles,North America,59,No
23358,5,Married,Male,"$60,000",0,High School,Professional,Yes,2,5-10 Miles,North America,32,Yes
20518,5,Married,Female,"$70,000",2,Partial College,Professional,Yes,1,10+ Miles,North America,58,No
28026,5,Married,Female,"$40,000",2,High School,Professional,No,2,2-5 Miles,North America,59,No
11669,5,Single,Female,"$70,000",2,Bachelors,Skilled Manual,Yes,1,2-5 Miles,North America,38,No
16020,5,Married,Male,"$40,000",0,High School,Skilled Manual,Yes,2,5-10 Miles,North America,28,Yes
27090,5,Married,Female,"$60,000",1,Graduate Degree,Professional,Yes,0,2-5 Miles,North America,37,Yes
27198,5,Single,Female,"$80,000",0,Graduate Degree,Skilled Manual,No,0,0-1 Miles,North America,40,No
19661,5,Single,Male,"$90,000",4,Bachelors,Management,Yes,1,1-2 Miles,North America,38,Yes
26327,5,Married,Male,"$70,000",4,Graduate Degree,Professional,Yes,0,2-5 Miles,North America,36,Yes
26341,5,Married,Female,"$70,000",5,Graduate Degree,Professional,Yes,2,0-1 Miles,North America,37,No
24958,5,Single,Female,"$40,000",5,High School,Professional,No,3,2-5 Miles,North America,60,Yes
13287,5,Single,Male,"$110,000",4,Bachelors,Management,Yes,4,5-10 Miles,North America,42,Yes
14493,5,Single,Female,"$70,000",3,Graduate Degree,Management,No,2,1-2 Miles,North America,53,No
26678,5,Single,Female,"$80,000",2,Partial High School,Skilled Manual,Yes,2,5-10 Miles,North America,49,No
23275,5,Married,Male,"$30,000",2,High School,Skilled Manual,Yes,2,1-2 Miles,North America,49,No
11270,5,Married,Male,"$130,000",2,Graduate Degree,Management,Yes,3,0-1 Miles,North America,42,Yes
20084,5,Married,Male,"$20,000",2,High School,Manual,No,2,0-1 Miles,North America,53,No
16144,5,Married,Male,"$70,000",1,Graduate Degree,Professional,Yes,1,0-1 Miles,North America,46,Yes
27731,5,Married,Male,"$40,000",0,High School,Skilled Manual,Yes,2,5-10 Miles,North America,27,No
11886,5,Married,Female,"$60,000",3,Bachelors,Professional,Yes,1,0-1 Miles,North America,48,Yes
24324,5,Single,Female,"$60,000",4,Bachelors,Skilled Manual,Yes,2,2-5 Miles,North America,41,Yes
22220,5,Married,Male,"$60,000",2,High School,Professional,No,2,1-2 Miles,North America,49,Yes
26625,5,Single,Female,"$60,000",0,Graduate Degree,Professional,Yes,1,2-5 Miles,North America,38,Yes
23027,5,Single,Male,"$130,000",1,Bachelors,Management,No,4,0-1 Miles,North America,44,No
16867,5,Single,Female,"$130,000",1,Bachelors,Management,No,3,0-1 Miles,North America,45,Yes
14514,5,Single,Female,"$30,000",0,Partial College,Skilled Manual,Yes,1,5-10 Miles,North America,26,No
19634,5,Married,Male,"$40,000",0,High School,Skilled Manual,Yes,1,5-10 Miles,North America,31,No
18504,5,Married,Male,"$70,000",2,Partial High School,Skilled Manual,No,2,1-2 Miles,North America,49,No
28799,5,Single,Female,"$40,000",2,Partial College,Clerical,No,1,1-2 Miles,North America,47,Yes
11225,5,Married,Female,"$60,000",2,Partial College,Professional,Yes,1,10+ Miles,North America,55,No
17657,5,Married,Male,"$40,000",4,Partial College,Clerical,No,0,0-1 Miles,North America,30,No
14913,5,Married,Female,"$40,000",1,Partial College,Clerical,Yes,1,1-2 Miles,North America,48,Yes
14077,5,Single,Male,"$30,000",0,High School,Skilled Manual,Yes,2,5-10 Miles,North America,30,No
13296,5,Married,Male,"$110,000",1,Bachelors,Management,Yes,3,5-10 Miles,North America,45,No
20535,5,Married,Female,"$70,000",4,Partial College,Professional,Yes,1,10+ Miles,North America,56,No
12452,5,Married,Male,"$60,000",4,Graduate Degree,Skilled Manual,Yes,0,1-2 Miles,North America,47,Yes
28043,5,Married,Female,"$60,000",2,Bachelors,Management,Yes,0,10+ Miles,North America,56,No
12957,5,Single,Female,"$70,000",1,Bachelors,Professional,No,1,0-1 Miles,North America,44,No
15412,5,Married,Male,"$130,000",2,Graduate Degree,Management,Yes,3,2-5 Miles,North America,69,No
20514,5,Married,Female,"$70,000",2,Partial College,Professional,Yes,1,2-5 Miles,North America,59,No
20758,5,Married,Male,"$30,000",2,High School,Skilled Manual,Yes,2,1-2 Miles,North America,50,No
11801,5,Married,Male,"$60,000",1,Graduate Degree,Professional,Yes,0,2-5 Miles,North America,36,No
22211,5,Married,Male,"$60,000",0,Partial College,Professional,Yes,2,5-10 Miles,North America,32,No
28087,5,Single,Female,"$40,000",0,Partial College,Skilled Manual,No,1,1-2 Miles,North America,27,No
23668,5,Married,Female,"$40,000",4,High School,Professional,Yes,2,5-10 Miles,North America,59,Yes
27441,5,Married,Male,"$60,000",3,High School,Professional,No,2,2-5 Miles,North America,53,No
27261,5,Married,Male,"$40,000",1,Bachelors,Skilled Manual,No,1,0-1 Miles,North America,36,Yes
18649,5,Single,Male,"$30,000",1,High School,Clerical,Yes,2,1-2 Miles,North America,51,Yes
21714,5,Single,Female,"$80,000",5,Graduate Degree,Skilled Manual,No,0,0-1 Miles,North America,47,No
23217,5,Single,Female,"$60,000",3,Graduate Degree,Professional,Yes,0,2-5 Miles,North America,43,Yes
23797,5,Single,Male,"$20,000",3,Partial High School,Clerical,No,2,0-1 Miles,North America,50,No
13216,5,Married,Female,"$60,000",5,Bachelors,Management,Yes,3,10+ Miles,North America,59,No
20657,5,Single,Male,"$50,000",2,Bachelors,Skilled Manual,Yes,0,2-5 Miles,North America,37,Yes
12882,5,Married,Male,"$50,000",1,Graduate Degree,Skilled Manual,Yes,0,0-1 Miles,North America,33,Yes
25908,5,Married,Female,"$60,000",0,Partial College,Skilled Manual,No,1,1-2 Miles,North America,27,No
16753,5,Single,Female,"$70,000",0,Partial College,Skilled Manual,Yes,2,5-10 Miles,North America,34,Yes
14608,5,Married,Male,"$50,000",4,Bachelors,Skilled Manual,Yes,3,10+ Miles,North America,42,No
24979,5,Married,Female,"$60,000",2,Partial College,Professional,Yes,2,2-5 Miles,North America,57,Yes
13313,5,Married,Female,"$120,000",1,High School,Professional,No,4,2-5 Miles,North America,45,No
18952,5,Married,Female,"$100,000",4,Bachelors,Management,Yes,4,0-1 Miles,North America,40,No
17699,5,Married,Male,"$60,000",1,Graduate Degree,Skilled Manual,No,0,0-1 Miles,North America,55,No
14657,5,Married,Male,"$80,000",1,Partial College,Skilled Manual,No,1,0-1 Miles,North America,47,Yes
11540,5,Single,Male,"$60,000",4,Graduate Degree,Skilled Manual,Yes,0,1-2 Miles,North America,47,Yes
11783,5,Married,Female,"$60,000",1,Graduate Degree,Skilled Manual,Yes,0,0-1 Miles,North America,34,No
14602,5,Married,Female,"$80,000",3,Graduate Degree,Professional,Yes,0,0-1 Miles,North America,36,Yes
29030,5,Married,Male,"$70,000",2,Partial High School,Skilled Manual,Yes,2,10+ Miles,North America,54,No
26490,5,Single,Male,"$70,000",2,Bachelors,Management,No,1,2-5 Miles,North America,59,Yes
13151,5,Single,Male,"$40,000",0,High School,Skilled Manual,Yes,2,5-10 Miles,North America,27,No
17260,5,Married,Male,"$90,000",5,Partial College,Professional,Yes,3,0-1 Miles,North America,41,No
15372,5,Married,Male,"$80,000",3,Partial College,Professional,No,2,2-5 Miles,North America,50,Yes
18105,5,Married,Female,"$60,000",2,Partial College,Professional,Yes,1,10+ Miles,North America,55,No
19660,5,Married,Male,"$80,000",4,Bachelors,Management,Yes,0,0-1 Miles,North America,43,No
16112,5,Single,Male,"$70,000",4,Bachelors,Professional,Yes,2,2-5 Miles,North America,43,Yes
20698,5,Married,Male,"$60,000",4,Bachelors,Skilled Manual,Yes,3,5-10 Miles,North America,42,No
20076,5,Single,Female,"$10,000",2,High School,Manual,Yes,2,1-2 Miles,North America,53,Yes
24496,5,Single,Female,"$40,000",0,High School,Skilled Manual,No,2,0-1 Miles,North America,28,Yes
15468,5,Married,Female,"$50,000",1,Bachelors,Skilled Manual,Yes,1,0-1 Miles,North America,35,No
28031,5,Single,Female,"$70,000",2,Bachelors,Management,No,1,2-5 Miles,North America,59,Yes
26270,5,Single,Female,"$20,000",2,Partial High School,Clerical,Yes,2,1-2 Miles,North America,49,No
22221,5,Married,Male,"$60,000",2,High School,Professional,No,2,1-2 Miles,North America,48,Yes
28228,5,Single,Female,"$80,000",2,Partial High School,Skilled Manual,No,2,1-2 Miles,North America,50,No
18363,5,Married,Male,"$40,000",0,High School,Skilled Manual,Yes,2,5-10 Miles,North America,28,Yes
23256,5,Single,Male,"$30,000",1,High School,Clerical,No,1,5-10 Miles,North America,52,No
12768,5,Married,Male,"$30,000",1,High School,Clerical,Yes,1,2-5 Miles,North America,52,Yes
20361,5,Married,Male,"$50,000",2,Graduate Degree,Management,Yes,2,5-10 Miles,North America,69,No
21306,5,Single,Male,"$60,000",2,High School,Professional,Yes,2,5-10 Miles,North America,51,No
13382,5,Married,Male,"$70,000",5,Partial College,Professional,Yes,2,1-2 Miles,North America,57,Yes
20310,5,Single,Male,"$60,000",0,Partial College,Skilled Manual,Yes,1,5-10 Miles,North America,27,Yes
22971,5,Single,Female,"$30,000",0,High School,Skilled Manual,No,2,0-1 Miles,North America,25,Yes
15287,5,Single,Female,"$50,000",1,Graduate Degree,Skilled Manual,Yes,0,1-2 Miles,North America,33,Yes
15532,5,Single,Male,"$60,000",4,Bachelors,Professional,Yes,2,2-5 Miles,North America,43,Yes
11255,5,Married,Male,"$70,000",4,Graduate Degree,Management,Yes,2,5-10 Miles,North America,73,No
28090,5,Married,Male,"$40,000",0,Partial College,Skilled Manual,Yes,1,5-10 Miles,North America,27,No
15255,5,Married,Male,"$40,000",0,High School,Skilled Manual,Yes,2,5-10 Miles,North America,28,Yes
13154,5,Married,Male,"$40,000",0,High School,Skilled Manual,No,2,0-1 Miles,North America,27,Yes
26778,5,Single,Female,"$40,000",0,High School,Skilled Manual,Yes,2,5-10 Miles,North America,31,No
23248,5,Married,Female,"$10,000",2,High School,Manual,Yes,2,1-2 Miles,North America,53,No
21417,5,Single,Female,"$60,000",0,Partial College,Professional,No,2,1-2 Miles,North America,32,Yes
17668,5,Single,Male,"$30,000",2,High School,Skilled Manual,Yes,2,1-2 Miles,North America,50,Yes
27994,5,Married,Female,"$40,000",4,High School,Professional,Yes,2,5-10 Miles,North America,69,No
20376,5,Single,Female,"$70,000",3,Graduate Degree,Management,Yes,2,5-10 Miles,North America,52,Yes
25954,5,Married,Male,"$60,000",0,Partial College,Skilled Manual,No,2,1-2 Miles,North America,31,No
15749,5,Single,Female,"$70,000",4,Bachelors,Management,Yes,2,10+ Miles,North America,61,No
25899,5,Married,Female,"$70,000",2,High School,Professional,Yes,2,10+ Miles,North America,53,No
13351,5,Single,Female,"$70,000",4,Bachelors,Management,Yes,2,1-2 Miles,North America,62,Yes
23333,5,Married,Male,"$40,000",0,Partial College,Skilled Manual,No,2,1-2 Miles,North America,30,No
21660,5,Married,Female,"$60,000",3,Graduate Degree,Professional,Yes,0,2-5 Miles,North America,43,Yes
17012,5,Married,Female,"$60,000",3,Graduate Degree,Professional,Yes,0,2-5 Miles,North America,42,Yes
24514,5,Married,Male,"$40,000",0,Partial College,Skilled Manual,Yes,1,5-10 Miles,North America,30,No
27505,5,Single,Female,"$40,000",0,High School,Skilled Manual,Yes,2,5-10 Miles,North America,30,No
29243,5,Single,Male,"$110,000",1,Bachelors,Management,Yes,1,5-10 Miles,North America,43,No
26582,5,Married,Male,"$60,000",0,Partial College,Skilled Manual,Yes,2,5-10 Miles,North America,33,Yes
14271,5,Married,Male,"$30,000",0,High School,Skilled Manual,Yes,2,5-10 Miles,North America,32,No
23041,5,Single,Female,"$70,000",4,High School,Professional,Yes,0,5-10 Miles,North America,50,Yes
29048,5,Single,Male,"$110,000",2,Bachelors,Management,No,3,0-1 Miles,North America,37,Yes
24433,5,Married,Male,"$70,000",3,High School,Professional,No,1,1-2 Miles,North America,52,Yes
15501,5,Married,Male,"$70,000",4,Graduate Degree,Professional,Yes,0,2-5 Miles,North America,36,Yes
13911,5,Single,Female,"$80,000",3,Bachelors,Skilled Manual,Yes,2,2-5 Miles,North America,41,Yes
20421,5,Single,Female,"$40,000",0,Partial High School,Clerical,Yes,2,5-10 Miles,North America,26,No
16009,5,Single,Male,"$170,000",1,Graduate Degree,Management,No,4,0-1 Miles,North America,66,No
18411,5,Married,Male,"$60,000",2,High School,Professional,No,2,5-10 Miles,North America,51,No
19163,5,Married,Female,"$70,000",4,Bachelors,Professional,Yes,2,0-1 Miles,North America,43,Yes
18572,5,Married,Female,"$60,000",0,Graduate Degree,Professional,Yes,0,0-1 Miles,North America,39,No
27540,5,Single,Female,"$70,000",0,Bachelors,Professional,No,1,0-1 Miles,North America,37,Yes
19889,5,Single,Female,"$70,000",2,Partial High School,Skilled Manual,No,2,2-5 Miles,North America,54,Yes
12922,5,Single,Female,"$60,000",3,Bachelors,Skilled Manual,Yes,0,2-5 Miles,North America,40,Yes
18891,5,Married,Female,"$40,000",0,Partial College,Skilled Manual,Yes,2,5-10 Miles,North America,28,No
16773,5,Married,Male,"$60,000",1,Graduate Degree,Skilled Manual,Yes,0,0-1 Miles,North America,33,No
19143,5,Single,Female,"$80,000",3,Bachelors,Skilled Manual,Yes,2,2-5 Miles,North America,41,Yes
23882,5,Single,Female,"$80,000",3,Graduate Degree,Professional,Yes,0,0-1 Miles,North America,37,Yes
11233,5,Married,Male,"$70,000",4,Partial College,Professional,Yes,2,10+ Miles,North America,53,No
12056,5,Married,Male,"$120,000",2,Graduate Degree,Management,Yes,3,5-10 Miles,North America,64,No
15555,5,Married,Female,"$60,000",1,Partial College,Skilled Manual,Yes,1,2-5 Miles,North America,45,Yes
18423,5,Single,Male,"$80,000",2,Partial High School,Skilled Manual,No,2,1-2 Miles,North America,52,No
22743,5,Married,Female,"$40,000",5,High School,Professional,Yes,2,10+ Miles,North America,60,No
25343,5,Single,Female,"$20,000",3,Partial High School,Clerical,Yes,2,1-2 Miles,North America,50,No
13390,5,Married,Female,"$70,000",4,Partial College,Professional,No,1,1-2 Miles,North America,56,No
17482,5,Single,Female,"$40,000",0,Partial High School,Clerical,Yes,2,5-10 Miles,North America,29,No
13176,5,Single,Male,"$130,000",0,Graduate Degree,Management,No,2,0-1 Miles,North America,38,Yes
20504,5,Married,Female,"$40,000",5,High School,Professional,No,2,2-5 Miles,North America,60,No
12205,5,Single,Female,"$130,000",2,Bachelors,Management,No,4,0-1 Miles,North America,67,No
16751,5,Married,Male,"$60,000",0,Partial College,Skilled Manual,Yes,1,5-10 Miles,North America,32,Yes
21613,5,Single,Male,"$50,000",2,Bachelors,Skilled Manual,No,1,0-1 Miles,North America,39,Yes
24801,5,Single,Male,"$60,000",1,Graduate Degree,Professional,Yes,0,2-5 Miles,North America,35,Yes
17519,5,Married,Female,"$60,000",0,Partial College,Professional,Yes,2,5-10 Miles,North America,32,No
18347,5,Single,Female,"$30,000",0,Partial College,Skilled Manual,No,1,1-2 Miles,North America,31,No
29052,5,Single,Male,"$40,000",0,Partial College,Skilled Manual,Yes,1,5-10 Miles,North America,27,No
11745,5,Married,Female,"$60,000",1,Bachelors,Professional,Yes,1,0-1 Miles,North America,47,Yes
19147,5,Married,Male,"$40,000",0,Bachelors,Professional,No,1,0-1 Miles,North America,42,No
19217,5,Married,Male,"$30,000",2,High School,Skilled Manual,Yes,2,1-2 Miles,North America,49,No
15839,5,Single,Male,"$30,000",0,Partial College,Skilled Manual,Yes,1,5-10 Miles,North America,32,No
13714,5,Married,Female,"$20,000",2,High School,Manual,No,2,1-2 Miles,North America,53,Yes
22330,5,Married,Male,"$50,000",0,Graduate Degree,Skilled Manual,Yes,0,1-2 Miles,North America,32,Yes
18783,5,Single,Male,"$80,000",0,Bachelors,Management,No,1,0-1 Miles,North America,38,Yes
25041,5,Single,Male,"$40,000",0,High School,Skilled Manual,Yes,2,5-10 Miles,North America,31,No
22046,5,Single,Female,"$80,000",0,Bachelors,Management,No,1,0-1 Miles,North America,38,Yes
28052,5,Married,Male,"$60,000",2,High School,Professional,Yes,2,10+ Miles,North America,55,No
26693,5,Married,Male,"$70,000",3,Partial College,Professional,Yes,1,5-10 Miles,North America,49,No
24955,5,Single,Male,"$30,000",5,Partial High School,Skilled Manual,Yes,3,10+ Miles,North America,60,Yes
26065,5,Single,Female,"$110,000",3,Bachelors,Management,No,4,1-2 Miles,North America,42,No
13942,5,Married,Male,"$60,000",1,Partial College,Skilled Manual,Yes,1,0-1 Miles,North America,46,No
11219,5,Married,Male,"$60,000",2,High School,Professional,Yes,2,10+ Miles,North America,55,No
22118,5,Single,Female,"$70,000",3,Graduate Degree,Management,Yes,2,5-10 Miles,North America,53,Yes
23197,5,Married,Male,"$50,000",3,Bachelors,Skilled Manual,Yes,2,2-5 Miles,North America,40,No
14883,5,Married,Female,"$30,000",1,Bachelors,Skilled Manual,Yes,1,5-10 Miles,North America,53,Yes
27279,5,Single,Female,"$70,000",2,Bachelors,Skilled Manual,Yes,0,2-5 Miles,North America,38,Yes
18322,5,Single,Male,"$30,000",0,Partial High School,Clerical,No,2,0-1 Miles,North America,26,No
15879,5,Married,Male,"$70,000",5,Bachelors,Management,Yes,2,2-5 Miles,North America,61,No
28278,5,Married,Male,"$50,000",2,Graduate Degree,Management,Yes,2,5-10 Miles,North America,71,No
24416,5,Married,Male,"$90,000",4,High School,Professional,Yes,2,1-2 Miles,North America,45,No
28066,5,Married,Male,"$80,000",2,Graduate Degree,Professional,Yes,0,0-1 Miles,North America,37,Yes
11275,5,Married,Female,"$80,000",4,Graduate Degree,Management,Yes,2,0-1 Miles,North America,72,Yes
14872,5,Married,Male,"$30,000",0,Graduate Degree,Skilled Manual,Yes,0,0-1 Miles,North America,32,No
16151,5,Married,Female,"$60,000",1,Bachelors,Professional,Yes,1,2-5 Miles,North America,48,Yes
19731,5,Married,Male,"$80,000",4,Graduate Degree,Management,Yes,2,5-10 Miles,North America,68,No
23801,5,Married,Female,"$20,000",2,Partial High School,Clerical,Yes,2,0-1 Miles,North America,49,No
11807,5,Married,Male,"$70,000",3,Graduate Degree,Professional,Yes,0,2-5 Miles,North America,34,No
11622,5,Married,Male,"$50,000",0,Graduate Degree,Skilled Manual,Yes,0,0-1 Miles,North America,32,No
26597,5,Single,Female,"$60,000",4,Bachelors,Skilled Manual,No,2,0-1 Miles,North America,42,No
27074,5,Married,Female,"$70,000",1,Graduate Degree,Skilled Manual,Yes,0,0-1 Miles,North America,35,Yes
19228,5,Married,Female,"$40,000",2,Partial College,Clerical,Yes,1,0-1 Miles,North America,48,No
13415,5,Single,Male,"$100,000",1,Graduate Degree,Management,Yes,3,2-5 Miles,North America,73,Yes
17000,5,Single,Female,"$70,000",4,Bachelors,Skilled Manual,Yes,2,2-5 Miles,North America,43,Yes
14569,5,Married,Male,"$60,000",1,Graduate Degree,Professional,Yes,0,0-1 Miles,North America,35,No
13873,5,Married,Male,"$70,000",3,Graduate Degree,Professional,Yes,0,0-1 Miles,North America,35,Yes
20401,5,Married,Female,"$50,000",4,Bachelors,Management,Yes,2,1-2 Miles,North America,64,Yes
21583,5,Married,Female,"$50,000",1,Bachelors,Skilled Manual,Yes,0,0-1 Miles,North America,34,Yes
12029,5,Married,Male,"$30,000",0,Partial High School,Clerical,No,2,0-1 Miles,North America,28,No
18066,5,Single,Male,"$70,000",5,Bachelors,Management,Yes,3,10+ Miles,North America,60,Yes
28192,5,Married,Female,"$70,000",5,Graduate Degree,Professional,Yes,3,10+ Miles,North America,46,No
16122,5,Married,Male,"$40,000",4,High School,Skilled Manual,Yes,2,0-1 Miles,North America,44,Yes
18607,5,Single,Female,"$60,000",4,Bachelors,Skilled Manual,Yes,2,2-5 Miles,North America,42,Yes
28858,5,Single,Male,"$80,000",3,Bachelors,Skilled Manual,Yes,0,2-5 Miles,North America,40,No
14432,5,Single,Male,"$90,000",4,Graduate Degree,Management,Yes,1,5-10 Miles,North America,73,No
26305,5,Single,Female,"$60,000",2,Bachelors,Skilled Manual,No,0,0-1 Miles,North America,36,Yes
22050,5,Single,Male,"$90,000",4,Bachelors,Management,Yes,1,1-2 Miles,North America,38,Yes
25394,5,Married,Male,"$60,000",1,Graduate Degree,Professional,Yes,0,2-5 Miles,North America,34,Yes
19747,5,Married,Male,"$50,000",4,Bachelors,Management,Yes,2,10+ Miles,North America,63,No
23195,5,Single,Male,"$50,000",3,Bachelors,Skilled Manual,Yes,2,2-5 Miles,North America,41,Yes
21695,5,Married,Male,"$60,000",0,Graduate Degree,Skilled Manual,Yes,0,1-2 Miles,North America,39,Yes
13934,5,Married,Male,"$40,000",4,High School,Skilled Manual,Yes,2,2-5 Miles,North America,46,No
13337,5,Married,Female,"$80,000",5,Bachelors,Management,Yes,2,5-10 Miles,North America,64,No
27190,5,Married,Female,"$40,000",3,Partial College,Clerical,Yes,1,1-2 Miles,North America,32,No
28657,5,Single,Male,"$60,000",2,Bachelors,Skilled Manual,Yes,0,2-5 Miles,North America,36,Yes
21713,5,Single,Male,"$80,000",5,Graduate Degree,Skilled Manual,No,0,0-1 Miles,North America,47,No
21752,5,Married,Male,"$60,000",3,Graduate Degree,Management,Yes,2,10+ Miles,North America,64,No
27273,5,Single,Male,"$70,000",3,Graduate Degree,Professional,No,0,0-1 Miles,North America,35,Yes
22719,5,Single,Male,"$110,000",3,Bachelors,Management,Yes,4,2-5 Miles,North America,40,Yes
22042,5,Married,Female,"$70,000",0,Partial College,Skilled Manual,Yes,2,5-10 Miles,North America,34,Yes
21451,5,Married,Female,"$40,000",4,High School,Professional,Yes,2,10+ Miles,North America,61,No
20754,5,Married,Male,"$30,000",2,High School,Skilled Manual,Yes,2,1-2 Miles,North America,51,No
12153,5,Single,Female,"$70,000",3,Partial College,Professional,Yes,1,5-10 Miles,North America,49,Yes
16895,5,Married,Female,"$40,000",3,Partial College,Professional,No,2,1-2 Miles,North America,54,Yes
26728,5,Single,Male,"$70,000",3,Graduate Degree,Management,No,2,1-2 Miles,North America,53,Yes
11090,5,Single,Male,"$90,000",2,Partial College,Professional,Yes,1,2-5 Miles,North America,48,Yes
15862,5,Single,Female,"$50,000",0,Graduate Degree,Skilled Manual,Yes,0,1-2 Miles,North America,33,Yes
26495,5,Single,Female,"$40,000",2,High School,Professional,Yes,2,10+ Miles,North America,57,No
11823,5,Married,Female,"$70,000",0,Graduate Degree,Professional,Yes,0,2-5 Miles,North America,39,No
23449,5,Married,Male,"$60,000",2,High School,Professional,Yes,2,5-10 Miles,North America,48,No
23459,5,Married,Male,"$60,000",2,High School,Professional,Yes,2,5-10 Miles,North America,50,No
19543,5,Married,Male,"$70,000",5,Graduate Degree,Professional,No,3,10+ Miles,North America,47,No
14914,5,Married,Female,"$40,000",1,Partial College,Clerical,Yes,1,1-2 Miles,North America,49,Yes
12033,5,Single,Female,"$40,000",0,High School,Skilled Manual,No,2,0-1 Miles,North America,27,Yes
11941,5,Single,Male,"$60,000",0,Partial College,Skilled Manual,Yes,0,5-10 Miles,North America,29,No
14389,5,Married,Male,"$60,000",2,Bachelors,Management,Yes,0,2-5 Miles,North America,59,No
18050,5,Married,Female,"$60,000",1,Partial College,Skilled Manual,Yes,1,0-1 Miles,North America,45,Yes
19856,5,Married,Female,"$60,000",4,Bachelors,Management,Yes,2,2-5 Miles,North America,60,No
11663,5,Married,Male,"$70,000",4,Graduate Degree,Professional,Yes,0,0-1 Miles,North America,36,Yes
27740,5,Married,Female,"$40,000",0,High School,Skilled Manual,Yes,2,5-10 Miles,North America,27,No
23455,5,Single,Male,"$80,000",2,Partial High School,Skilled Manual,No,2,1-2 Miles,North America,50,No
15292,5,Single,Female,"$60,000",1,Graduate Degree,Skilled Manual,Yes,0,1-2 Miles,North America,35,No
21587,5,Married,Female,"$60,000",1,Graduate Degree,Skilled Manual,Yes,0,2-5 Miles,North America,34,Yes
23513,5,Married,Female,"$40,000",3,Partial College,Professional,Yes,2,5-10 Miles,North America,54,No
24322,5,Married,Female,"$60,000",4,Bachelors,Skilled Manual,No,2,0-1 Miles,North America,42,No
26298,5,Married,Female,"$50,000",1,Bachelors,Skilled Manual,Yes,0,2-5 Miles,North America,34,Yes
25419,5,Single,Male,"$50,000",2,Bachelors,Skilled Manual,No,1,0-1 Miles,North America,38,Yes
13343,5,Married,Female,"$90,000",5,Bachelors,Management,Yes,2,1-2 Miles,North America,63,Yes
11303,5,Single,Female,"$90,000",4,High School,Professional,No,3,1-2 Miles,North America,45,Yes
21693,5,Single,Female,"$60,000",0,Graduate Degree,Skilled Manual,No,0,0-1 Miles,North America,40,No
28056,5,Married,Male,"$70,000",2,Partial High School,Skilled Manual,Yes,2,10+ Miles,North America,53,No
11788,5,Single,Female,"$70,000",1,Graduate Degree,Professional,Yes,0,2-5 Miles,North America,34,No
22296,5,Married,Male,"$70,000",0,Bachelors,Professional,No,1,0-1 Miles,North America,38,No
15319,5,Married,Female,"$70,000",4,Bachelors,Management,No,1,1-2 Miles,North America,59,No
17654,5,Single,Female,"$40,000",3,Partial College,Clerical,Yes,1,1-2 Miles,North America,30,Yes
14662,5,Married,Male,"$60,000",1,Bachelors,Professional,Yes,1,0-1 Miles,North America,48,Yes
17541,5,Married,Female,"$40,000",4,High School,Skilled Manual,Yes,2,2-5 Miles,North America,43,No
13886,5,Married,Female,"$70,000",4,Graduate Degree,Professional,Yes,0,2-5 Miles,North America,35,Yes
13073,5,Married,Female,"$60,000",0,Partial College,Professional,Yes,2,5-10 Miles,North America,30,No
21940,5,Married,Male,"$90,000",5,Graduate Degree,Professional,Yes,0,0-1 Miles,North America,47,Yes
20196,5,Married,Male,"$60,000",1,Partial College,Skilled Manual,Yes,1,2-5 Miles,North America,45,Yes
23491,5,Single,Male,"$100,000",0,Partial College,Professional,No,4,1-2 Miles,North America,45,No
16651,5,Married,Female,"$120,000",2,Bachelors,Management,Yes,3,5-10 Miles,North America,62,No
16813,5,Married,Male,"$60,000",2,Partial College,Professional,Yes,2,10+ Miles,North America,55,No
16007,5,Married,Female,"$90,000",5,Bachelors,Management,Yes,2,1-2 Miles,North America,66,Yes
27434,5,Single,Male,"$70,000",4,Partial College,Professional,Yes,1,10+ Miles,North America,56,No
27756,5,Single,Female,"$50,000",3,Bachelors,Skilled Manual,No,1,0-1 Miles,North America,40,No
23818,5,Married,Female,"$50,000",0,Graduate Degree,Skilled Manual,Yes,0,1-2 Miles,North America,33,Yes
19012,5,Married,Male,"$80,000",3,Bachelors,Management,Yes,1,1-2 Miles,North America,56,No
18329,5,Single,Male,"$30,000",0,Partial High School,Clerical,No,2,5-10 Miles,North America,27,No
29037,5,Married,Male,"$60,000",0,Graduate Degree,Professional,No,0,0-1 Miles,North America,39,No
26576,5,Married,Female,"$60,000",0,Partial College,Skilled Manual,Yes,2,5-10 Miles,North America,31,No
12192,5,Single,Female,"$60,000",2,Partial High School,Skilled Manual,No,2,1-2 Miles,North America,51,No
14887,5,Married,Female,"$30,000",1,High School,Clerical,Yes,1,5-10 Miles,North America,52,No
11734,5,Married,Male,"$60,000",1,Partial College,Skilled Manual,No,1,0-1 Miles,North America,47,No
17462,5,Married,Male,"$70,000",3,Graduate Degree,Management,Yes,2,5-10 Miles,North America,53,Yes
20659,5,Married,Male,"$70,000",3,Graduate Degree,Professional,Yes,0,0-1 Miles,North America,35,Yes
28004,5,Married,Female,"$60,000",3,Bachelors,Management,Yes,2,10+ Miles,North America,66,No
19741,5,Single,Female,"$80,000",4,Graduate Degree,Management,Yes,2,5-10 Miles,North America,65,No
17450,5,Married,Male,"$80,000",5,Partial College,Professional,Yes,3,5-10 Miles,North America,45,No
17337,5,Single,Male,"$40,000",0,High School,Skilled Manual,Yes,1,5-10 Miles,North America,31,No
18594,5,Single,Female,"$80,000",3,Bachelors,Skilled Manual,Yes,3,10+ Miles,North America,40,Yes
15982,5,Married,Male,"$110,000",5,Partial College,Professional,Yes,4,2-5 Miles,North America,46,No
28625,5,Single,Male,"$40,000",2,Partial College,Clerical,No,1,1-2 Miles,North America,47,Yes
11269,5,Married,Male,"$130,000",2,Graduate Degree,Management,Yes,2,0-1 Miles,North America,41,No
25148,5,Married,Male,"$60,000",2,High School,Professional,No,2,1-2 Miles,North America,48,Yes
13920,5,Single,Female,"$50,000",4,Bachelors,Skilled Manual,Yes,2,0-1 Miles,North America,42,No
23704,5,Single,Male,"$40,000",5,High School,Professional,Yes,4,10+ Miles,North America,60,Yes
28972,5,Single,Female,"$60,000",3,Graduate Degree,Management,Yes,2,10+ Miles,North America,66,No
22730,5,Married,Male,"$70,000",5,Bachelors,Management,Yes,2,10+ Miles,North America,63,No
29134,5,Married,Male,"$60,000",4,Bachelors,Skilled Manual,No,3,10+ Miles,North America,42,No
14332,5,Single,Female,"$30,000",0,High School,Skilled Manual,No,2,5-10 Miles,North America,26,No
19117,5,Single,Female,"$60,000",1,Graduate Degree,Professional,Yes,0,2-5 Miles,North America,36,Yes
22864,5,Married,Male,"$90,000",2,Partial College,Professional,No,0,5-10 Miles,North America,49,Yes
11292,5,Single,Male,"$150,000",1,Partial College,Professional,No,3,0-1 Miles,North America,44,Yes
13466,5,Married,Male,"$80,000",5,Partial College,Professional,Yes,3,1-2 Miles,North America,46,No
23731,5,Married,Male,"$60,000",2,High School,Professional,Yes,2,2-5 Miles,North America,54,Yes
28672,5,Single,Male,"$70,000",4,Graduate Degree,Professional,Yes,0,2-5 Miles,North America,35,Yes
11809,5,Married,Male,"$60,000",2,Bachelors,Skilled Manual,Yes,0,0-1 Miles,North America,38,Yes
19664,5,Single,Male,"$100,000",3,Bachelors,Management,No,3,1-2 Miles,North America,38,No
12121,5,Single,Male,"$60,000",3,High School,Professional,Yes,2,10+ Miles,North America,53,Yes